"C","Mn","Si","P","S","Cr","Ni","Cu","Mg","Rm.as.cast","A5.as.cast","Twardosc"
3.53,0.22,2.27,0.026,0.009,0,0.45,0.43,0.04,773.357366666667,5.368525,332
3.53,0.22,2.27,0.026,0.009,0,0.45,0.43,0.04,773.297366666667,5.368525,330
3.53,0.22,2.27,0.026,0.009,0,0.45,0.43,0.04,765.170133333333,5.396797,312
3.53,0.22,2.27,0.026,0.009,0,0.45,0.43,0.04,765.018133333333,5.43704866666667,309
3.53,0.22,2.27,0.026,0.009,0,0.45,0.43,0.04,772.429533333333,5.32007466666667,426
3.53,0.22,2.27,0.026,0.009,0,0.45,0.43,0.04,772.811533333333,5.32007466666667,406
3.53,0.22,2.27,0.026,0.009,0,0.45,0.43,0.04,772.811533333333,5.32007466666667,406
3.53,0.22,2.27,0.026,0.009,0,0.45,0.43,0.04,772.599533333333,5.32007466666667,415
3.53,0.22,2.27,0.026,0.009,0,0.45,0.43,0.04,773.357366666667,5.368525,332
3.53,0.22,2.27,0.026,0.009,0,0.45,0.43,0.04,773.297366666667,5.368525,331
3.53,0.22,2.27,0.026,0.009,0,0.45,0.43,0.04,772.630733333333,5.415165,318
3.53,0.22,2.27,0.026,0.009,0,0.45,0.43,0.04,773.529366666667,5.375325,327
3.53,0.22,2.27,0.026,0.009,0,0.45,0.43,0.04,772.811533333333,5.32007466666667,406
3.53,0.22,2.27,0.026,0.009,0,0.45,0.43,0.04,772.811533333333,5.32007466666667,391
3.53,0.22,2.27,0.026,0.009,0,0.45,0.43,0.04,772.811533333333,5.32007466666667,402
3.53,0.22,2.27,0.026,0.009,0,0.45,0.43,0.04,772.811533333333,5.32007466666667,393
3.53,0.22,2.27,0.026,0.009,0,0.45,0.43,0.04,773.297366666667,5.368525,329
3.53,0.22,2.27,0.026,0.009,0,0.45,0.43,0.04,772.7518,5.426745,323
3.53,0.22,2.27,0.026,0.009,0,0.45,0.43,0.04,769.923566666666,5.396657,315
3.53,0.22,2.27,0.026,0.009,0,0.45,0.43,0.04,765.170133333333,5.396797,312
3.53,0.22,2.27,0.026,0.009,0,0.45,0.43,0.04,772.811533333333,5.32007466666667,402
3.53,0.22,2.27,0.026,0.009,0,0.45,0.43,0.04,772.811533333333,5.32007466666667,392
3.53,0.22,2.27,0.026,0.009,0,0.45,0.43,0.04,772.811533333333,5.32419466666667,386
3.53,0.22,2.27,0.026,0.009,0,0.45,0.43,0.04,772.949533333333,5.31679466666667,380
3.48,0.15,2.31,0.027,0.009,0,0.445,0.45,0.043,764.9119,4.72616066666666,323
3.48,0.15,2.31,0.027,0.009,0,0.445,0.45,0.043,759.017933333333,4.70360133333333,311
3.48,0.15,2.31,0.027,0.009,0,0.445,0.45,0.043,759.017933333333,4.70609466666666,312
3.48,0.15,2.31,0.027,0.009,0,0.445,0.45,0.043,757.096133333333,4.69212133333333,298
3.48,0.15,2.31,0.027,0.009,0,0.445,0.45,0.043,765.082966666667,4.63997666666666,405
3.48,0.15,2.31,0.027,0.009,0,0.445,0.45,0.043,765.082966666667,4.63997666666666,406
3.48,0.15,2.31,0.027,0.009,0,0.445,0.45,0.043,765.082966666667,4.63997666666666,422
3.48,0.15,2.31,0.027,0.009,0,0.445,0.45,0.043,765.082966666667,4.63997666666666,414
3.48,0.15,2.31,0.027,0.009,0,0.445,0.45,0.043,764.968966666667,4.63622666666666,334
3.48,0.15,2.31,0.027,0.009,0,0.445,0.45,0.043,765.324966666667,4.71554733333333,325
3.48,0.15,2.31,0.027,0.009,0,0.445,0.45,0.043,765.210966666667,4.68104066666666,326
3.48,0.15,2.31,0.027,0.009,0,0.445,0.45,0.043,765.324966666667,4.71554733333333,325
3.48,0.15,2.31,0.027,0.009,0,0.445,0.45,0.043,765.082966666667,4.63997666666666,404
3.48,0.15,2.31,0.027,0.009,0,0.445,0.45,0.043,765.082966666667,4.63669666666666,380
3.48,0.15,2.31,0.027,0.009,0,0.445,0.45,0.043,765.100966666667,4.63709666666666,357
3.48,0.15,2.31,0.027,0.009,0,0.445,0.45,0.043,765.082966666667,4.64409666666666,386
3.48,0.15,2.31,0.027,0.009,0,0.445,0.45,0.043,764.9119,4.72616066666666,323
3.48,0.15,2.31,0.027,0.009,0,0.445,0.45,0.043,764.614833333333,4.71051266666666,319
3.48,0.15,2.31,0.027,0.009,0,0.445,0.45,0.043,764.614833333333,4.71888066666666,321
3.48,0.15,2.31,0.027,0.009,0,0.445,0.45,0.043,764.614833333333,4.71051266666666,319
3.48,0.15,2.31,0.027,0.009,0,0.445,0.45,0.043,765.324966666667,4.72366733333333,324
3.48,0.15,2.31,0.027,0.009,0,0.445,0.45,0.043,764.614833333333,4.71051266666666,320
3.48,0.15,2.31,0.027,0.009,0,0.445,0.45,0.043,765.100966666667,4.64527666666666,347
3.48,0.15,2.31,0.027,0.009,0,0.445,0.45,0.043,764.9119,4.72616066666666,323
3.6,0.25,2.24,0.05,0.02,0.001,0.001,0.9,0.06,709.748,6.82565266666665,343
3.6,0.25,2.24,0.05,0.02,0.001,0.001,0.9,0.06,707.691333333333,6.69206266666666,376
3.6,0.25,2.24,0.05,0.02,0.001,0.001,0.9,0.06,707.926666666667,6.68824266666666,426
3.6,0.25,2.24,0.05,0.02,0.001,0.001,0.9,0.06,707.926666666667,6.68748266666666,434
3.65,0.018,2.25,0.045,0.015,0.001,1.5,0.8,0.045,731.0093,5.58699533333332,306
3.65,0.018,2.25,0.045,0.015,0.001,1.5,0.8,0.045,730.0013,5.58699533333332,298
3.65,0.018,2.25,0.045,0.015,0.001,1.5,0.8,0.045,729.4813,5.60319533333332,295
3.65,0.018,2.25,0.045,0.015,0.001,1.5,0.8,0.045,730.0013,5.58699533333332,298
3.65,0.018,2.25,0.045,0.015,0.001,1.5,0.8,0.045,747.700433333334,5.42622733333332,409
3.65,0.018,2.25,0.045,0.015,0.001,1.5,0.8,0.045,747.700433333334,5.42622733333332,388
3.65,0.018,2.25,0.045,0.015,0.001,1.5,0.8,0.045,747.700433333334,5.42622733333332,396
3.65,0.018,2.25,0.045,0.015,0.001,1.5,0.8,0.045,747.478033333334,5.42860733333332,470
3.65,0.018,2.25,0.045,0.015,0.001,1.5,0.8,0.045,747.478033333334,5.42860733333332,463
3.65,0.018,2.25,0.045,0.015,0.001,1.5,0.8,0.045,747.478033333334,5.43640733333332,477
3.65,0.018,2.25,0.045,0.015,0.001,1.5,0.8,0.045,731.0093,5.58699533333332,309
3.65,0.018,2.25,0.045,0.015,0.001,1.5,0.8,0.045,731.0093,5.58699533333332,309
3.65,0.018,2.25,0.045,0.015,0.001,1.5,0.8,0.045,747.7311,5.42622733333332,378
3.65,0.018,2.25,0.045,0.015,0.001,1.5,0.8,0.045,747.7311,5.42622733333332,378
3.65,0.018,2.25,0.045,0.015,0.001,1.5,0.8,0.045,747.700433333334,5.42622733333332,388
3.65,0.018,2.25,0.045,0.015,0.001,1.5,0.8,0.045,747.700433333334,5.42622733333332,404
3.65,0.018,2.25,0.045,0.015,0.001,1.5,0.8,0.045,747.700433333334,5.42622733333332,415
3.65,0.018,2.25,0.045,0.015,0.001,1.5,0.8,0.045,747.700433333334,5.42622733333332,415
3.69,0.28,2.47,0.05,0.01,0.001,0,0.32,0.037,600,4,400
3.69,0.28,2.47,0.05,0.01,0.001,0,0.32,0.037,600,4,430
3.69,0.28,2.47,0.05,0.01,0.001,0,0.32,0.037,600,4,380
3.69,0.28,2.47,0.05,0.01,0.001,0,0.32,0.037,600,4,430
3.68,0.23,2.47,0.006,0.014,0.001,0.15,1.1,0.056,846,4.4,395
3.5,0.15,2.7,0.02,0.01,0.001,1,0.54,0.07,737.4604,5.55742466666664,303
3.5,0.15,2.7,0.02,0.01,0.001,1,0.54,0.07,735.4819,5.54900799999997,296
3.5,0.15,2.7,0.02,0.01,0.001,1,0.54,0.07,735.2099,5.55742466666664,297
3.37,0.2,2.32,0.03,0.008,0.001,1.49,0.001,0.039,680.477933333334,8.51936833333333,425
3.37,0.2,2.32,0.03,0.008,0.001,1.49,0.001,0.039,680.477933333334,8.51936833333333,388
3.37,0.2,2.32,0.03,0.008,0.001,1.49,0.001,0.039,680.477933333334,8.51936833333333,407
3.37,0.2,2.32,0.03,0.008,0.001,1.49,0.001,0.039,680.477933333334,8.51936833333333,427
3.37,0.2,2.32,0.03,0.008,0.001,1.49,0.001,0.039,680.477933333334,8.51936833333333,412
3.37,0.2,2.32,0.03,0.008,0.001,1.49,0.001,0.039,680.477933333334,8.51936833333333,447
3.37,0.2,2.32,0.03,0.008,0.001,1.49,0.001,0.039,680.477933333334,8.51936833333333,420
3.37,0.2,2.32,0.03,0.008,0.001,1.49,0.001,0.039,680.477933333334,8.51936833333333,427
3.37,0.2,2.32,0.03,0.008,0.001,1.49,0.001,0.039,680.477933333334,8.51936833333333,452
3.37,0.2,2.32,0.03,0.008,0.001,1.49,0.001,0.039,680.477933333334,8.51936833333333,452
3.46,0.39,2.48,0.02,0.01,0.001,0,0.8,0.043,729.806866666667,6.36298999999999,305
3.46,0.39,2.48,0.02,0.01,0.001,0,0.8,0.043,738.122133333333,5.85092166666665,340
3.46,0.39,2.48,0.02,0.01,0.001,0,0.8,0.043,737.835333333333,5.70674899999999,385
3.59,0.31,2.52,0.024,0.007,0.001,1.53,0.03,0.03,680.223066666667,8.26737199999998,297
3.59,0.31,2.52,0.024,0.007,0.001,1.53,0.03,0.03,680.223066666667,8.26737199999998,297
3.59,0.31,2.52,0.024,0.007,0.001,1.53,0.03,0.03,680.223066666667,8.26737199999998,297
3.59,0.31,2.52,0.024,0.007,0.001,1.53,0.03,0.03,680.223066666667,8.26737199999998,297
3.59,0.31,2.52,0.024,0.007,0.001,1.53,0.03,0.03,685.029,8.25172833333331,332
3.59,0.31,2.52,0.024,0.007,0.001,1.53,0.03,0.03,684.6081,8.21883633333331,362
3.59,0.31,2.52,0.024,0.007,0.001,1.53,0.03,0.03,684.5061,8.21412299999998,404
3.59,0.31,2.52,0.024,0.007,0.001,1.53,0.03,0.03,684.3826,8.21412299999998,437
3.59,0.31,2.52,0.024,0.007,0.001,1.53,0.03,0.03,679.293866666667,8.31831199999998,290
3.59,0.31,2.52,0.024,0.007,0.001,1.53,0.03,0.03,679.293866666667,8.34335199999998,283
3.59,0.31,2.52,0.024,0.007,0.001,1.53,0.03,0.03,680.223066666667,8.26737199999998,297
3.59,0.31,2.52,0.024,0.007,0.001,1.53,0.03,0.03,680.223066666667,8.26737199999998,297
3.59,0.31,2.52,0.024,0.007,0.001,1.53,0.03,0.03,685.025933333333,8.26415833333331,322
3.59,0.31,2.52,0.024,0.007,0.001,1.53,0.03,0.03,684.5061,8.21412299999998,393
3.59,0.31,2.52,0.024,0.007,0.001,1.53,0.03,0.03,684.3826,8.21412299999998,415
3.59,0.31,2.52,0.024,0.007,0.001,1.53,0.03,0.03,684.3826,8.21412299999998,448
3.59,0.31,2.52,0.024,0.007,0.001,1.53,0.03,0.03,679.293866666667,8.31831199999998,290
3.59,0.31,2.52,0.024,0.007,0.001,1.53,0.03,0.03,679.293866666667,8.34335199999998,283
3.59,0.31,2.52,0.024,0.007,0.001,1.53,0.03,0.03,680.223066666667,8.26737199999998,297
3.59,0.31,2.52,0.024,0.007,0.001,1.53,0.03,0.03,680.223066666667,8.26737199999998,297
3.59,0.31,2.52,0.024,0.007,0.001,1.53,0.03,0.03,684.5986,8.23063633333331,342
3.59,0.31,2.52,0.024,0.007,0.001,1.53,0.03,0.03,684.5061,8.21368299999998,372
3.59,0.31,2.52,0.024,0.007,0.001,1.53,0.03,0.03,684.3826,8.21412299999998,415
3.59,0.31,2.52,0.024,0.007,0.001,1.53,0.03,0.03,684.3826,8.21412299999998,448
3.59,0.31,2.52,0.024,0.007,0.001,1.53,0.03,0.03,679.293866666667,8.31831199999998,290
3.59,0.31,2.52,0.024,0.007,0.001,1.53,0.03,0.03,680.223066666667,8.26737199999998,297
3.59,0.31,2.52,0.024,0.007,0.001,1.53,0.03,0.03,680.768,8.26737199999998,305
3.59,0.31,2.52,0.024,0.007,0.001,1.53,0.03,0.03,680.758666666667,8.24353699999998,313
3.59,0.31,2.52,0.024,0.007,0.001,1.53,0.03,0.03,685.029,8.25172833333331,332
3.59,0.31,2.52,0.024,0.007,0.001,1.53,0.03,0.03,684.5886,8.23063633333331,352
3.59,0.31,2.52,0.024,0.007,0.001,1.53,0.03,0.03,684.3826,8.21412299999998,415
3.59,0.31,2.52,0.024,0.007,0.001,1.53,0.03,0.03,684.3826,8.21412299999998,437
3.59,0.31,2.52,0.024,0.007,0.001,1.53,0.03,0.03,679.293866666667,8.31831199999998,290
3.59,0.31,2.52,0.024,0.007,0.001,1.53,0.03,0.03,680.223066666667,8.26737199999998,297
3.59,0.31,2.52,0.024,0.007,0.001,1.53,0.03,0.03,680.223066666667,8.26737199999998,297
3.59,0.31,2.52,0.024,0.007,0.001,1.53,0.03,0.03,680.768,8.26737199999998,305
3.59,0.31,2.52,0.024,0.007,0.001,1.53,0.03,0.03,685.029,8.25172833333331,332
3.59,0.31,2.52,0.024,0.007,0.001,1.53,0.03,0.03,684.6081,8.21883633333331,362
3.59,0.31,2.52,0.024,0.007,0.001,1.53,0.03,0.03,684.5061,8.21412299999998,404
3.59,0.31,2.52,0.024,0.007,0.001,1.53,0.03,0.03,684.3826,8.21412299999998,448
3.59,0.31,2.52,0.024,0.007,0.001,1.53,0.03,0.03,680.768,8.26737199999998,305
3.59,0.31,2.52,0.024,0.007,0.001,1.53,0.03,0.03,680.223066666667,8.26737199999998,297
3.59,0.31,2.52,0.024,0.007,0.001,1.53,0.03,0.03,680.758666666667,8.24353699999998,313
3.59,0.31,2.52,0.024,0.007,0.001,1.53,0.03,0.03,680.758666666667,8.24353699999998,313
3.59,0.31,2.52,0.024,0.007,0.001,1.53,0.03,0.03,684.5986,8.23063633333331,342
3.59,0.31,2.52,0.024,0.007,0.001,1.53,0.03,0.03,684.5061,8.21368299999998,372
3.59,0.31,2.52,0.024,0.007,0.001,1.53,0.03,0.03,684.5061,8.21412299999998,404
3.59,0.31,2.52,0.024,0.007,0.001,1.53,0.03,0.03,684.3126,8.21962299999998,460
3.59,0.31,2.52,0.024,0.007,0.001,1.53,0.03,0.03,679.293866666667,8.31831199999998,290
3.59,0.31,2.52,0.024,0.007,0.001,1.53,0.03,0.03,679.293866666667,8.34335199999998,283
3.59,0.31,2.52,0.024,0.007,0.001,1.53,0.03,0.03,680.223066666667,8.26737199999998,297
3.59,0.31,2.52,0.024,0.007,0.001,1.53,0.03,0.03,680.758666666667,8.24353699999998,313
3.59,0.31,2.52,0.024,0.007,0.001,1.53,0.03,0.03,684.6081,8.21883633333331,362
3.59,0.31,2.52,0.024,0.007,0.001,1.53,0.03,0.03,684.5061,8.21368299999998,382
3.59,0.31,2.52,0.024,0.007,0.001,1.53,0.03,0.03,684.3826,8.21412299999998,415
3.59,0.31,2.52,0.024,0.007,0.001,1.53,0.03,0.03,684.3126,8.21962299999998,496
3.59,0.31,2.52,0.024,0.007,0.001,1.53,0.03,0.03,684.5886,8.23063633333331,352
3.59,0.31,2.52,0.024,0.007,0.001,1.53,0.03,0.03,680.768,8.26737199999998,305
3.59,0.31,2.52,0.024,0.007,0.001,1.53,0.03,0.03,685.029,8.25172833333331,332
3.59,0.31,2.52,0.024,0.007,0.001,1.53,0.03,0.03,684.6081,8.21883633333331,362
3.59,0.31,2.52,0.024,0.007,0.001,1.53,0.03,0.03,684.5061,8.21412299999998,393
3.59,0.31,2.52,0.024,0.007,0.001,1.53,0.03,0.03,684.3826,8.21412299999998,448
3.59,0.31,2.52,0.024,0.007,0.001,1.53,0.03,0.03,684.3126,8.21962299999998,534
3.72,0.18,2.46,0.015,0.004,0.02,0.04,0.03,0.03,631.338455555556,11.2115286666667,295
3.72,0.18,2.46,0.015,0.004,0.02,0.04,0.03,0.03,633.321255555556,11.1454086666667,320
3.72,0.18,2.46,0.015,0.004,0.02,0.04,0.03,0.03,633.079222222222,11.061752,355
3.72,0.18,2.46,0.015,0.004,0.02,0.04,0.03,0.03,632.965222222222,11.062012,405
3.72,0.18,2.46,0.015,0.004,0.02,0.04,0.03,0.03,632.965222222222,11.062012,425
3.72,0.18,2.46,0.015,0.004,0.02,0.04,0.03,0.03,632.895222222222,11.067512,465
3.5,0.25,2.5,0.02,0.004,0.001,1.4,0.001,0.035,683.564266666667,8.72359999999999,307
3.5,0.25,2.5,0.02,0.004,0.001,1.4,0.001,0.035,683.644266666667,8.72359999999999,302
3.5,0.25,2.5,0.02,0.004,0.001,1.4,0.001,0.035,683.564266666667,8.72359999999999,306
3.5,0.25,2.5,0.02,0.004,0.001,1.4,0.001,0.035,682.987066666667,8.72359999999999,297
3.5,0.25,2.5,0.02,0.004,0.001,0.4,0.001,0.035,687.1794,8.53685966666666,303
3.5,0.25,2.5,0.02,0.004,0.001,0.4,0.001,0.035,687.0994,8.53685966666666,305
3.5,0.25,2.5,0.02,0.004,0.001,0.4,0.001,0.035,690.949866666667,8.57011199999999,322
3.1,0.25,2.5,0.02,0.004,0.001,0.4,0.001,0.035,684.1605,8.37877966666666,310
3.5,0.25,2.5,0.02,0.004,0.001,1.4,0.001,0.035,688.908333333334,8.67672833333332,378
3.5,0.25,2.5,0.02,0.004,0.001,1.4,0.001,0.035,688.908333333334,8.67672833333332,373
3.5,0.25,2.5,0.02,0.004,0.001,1.4,0.001,0.035,688.908333333334,8.67672833333332,373
3.5,0.25,2.5,0.02,0.004,0.001,1.4,0.001,0.035,688.902833333333,8.68348166666666,356
3.5,0.25,2.5,0.02,0.004,0.001,0.4,0.001,0.035,691.796966666667,8.51362333333333,365
3.5,0.25,2.5,0.02,0.004,0.001,0.4,0.001,0.035,691.796966666667,8.51362333333333,369
3.5,0.25,2.5,0.02,0.004,0.001,0.4,0.001,0.035,691.689466666667,8.53278333333333,347
3.1,0.25,2.5,0.02,0.004,0.001,0.4,0.001,0.035,689.756833333333,8.36386999999999,374
3.6,0.24,3.2,0.015,0.013,0.001,0.68,0.78,0.06,797.148966666667,5.52415366666666,330
3.6,0.24,3.2,0.015,0.013,0.001,0.68,0.78,0.06,771.438666666667,5.73721566666666,304
3.6,0.24,3.2,0.015,0.013,0.001,0.68,0.78,0.06,797.543966666667,5.59139466666666,325
3.6,0.24,3.58,0.014,0.01,0.001,0.65,0.68,0.054,800.600066666667,5.52193566666666,331
3.6,0.24,3.58,0.014,0.01,0.001,0.65,0.68,0.054,773.7489,5.70472266666666,313
3.6,0.24,3.58,0.014,0.01,0.001,0.65,0.68,0.054,800.600066666667,5.52113566666666,330
3.66,0.2,2.69,0.012,0.005,0.001,0.61,0.59,0.047,806.5943,5.59285966666666,338
3.66,0.2,2.69,0.012,0.005,0.001,0.61,0.59,0.047,786.0039,5.72156466666666,304
3.66,0.2,2.69,0.012,0.005,0.001,0.61,0.59,0.047,806.5943,5.59285966666666,338
3.66,0.2,2.69,0.012,0.005,0.001,0.61,0.59,0.047,807.301466666667,5.54383099999999,363
3.6,0.13,2.66,0.05,0.01,0.001,0.52,0.52,0.07,718.8543,5.11559333333332,326
3.2,0.15,2.5,0.04,0.015,0.001,0.97,0.6,0.07,692.297733333333,5.78634999999998,288
3.6,0.13,2.66,0.05,0.01,0.001,0.52,0.52,0.07,718.4138,5.06031333333332,362
3.2,0.15,2.5,0.04,0.015,0.001,0.97,0.6,0.07,710.297533333333,5.49872399999998,373
3.6,0.13,2.66,0.05,0.01,0.001,0.52,0.52,0.07,718.4623,5.09287333333332,331
3.2,0.15,2.5,0.04,0.015,0.001,0.97,0.6,0.07,710.162733333334,5.56520999999998,325
3.6,0.13,2.66,0.05,0.01,0.001,0.52,0.52,0.07,704.779366666667,5.43556533333332,286
3.2,0.15,2.5,0.04,0.015,0.001,0.97,0.6,0.07,691.81289047619,6.02442466666665,260
3.6,0.13,2.66,0.05,0.01,0.001,0.52,0.52,0.07,705.001366666667,5.71909133333331,276
3.2,0.15,2.5,0.04,0.015,0.001,0.97,0.6,0.07,692.267733333333,5.78634999999998,285
3.6,0.13,2.66,0.05,0.01,0.001,0.52,0.52,0.07,704.833366666667,5.27359533333332,293
3.2,0.15,2.5,0.04,0.015,0.001,0.97,0.6,0.07,692.541733333333,5.67605266666665,298
3.6,0.13,2.66,0.05,0.01,0.001,0.52,0.52,0.07,702.3697,5.81638466666664,254
3.2,0.15,2.5,0.04,0.015,0.001,0.97,0.6,0.07,689.624357142857,6.10197133333332,248
3.6,0.13,2.66,0.05,0.01,0.001,0.52,0.52,0.07,701.032533333333,5.81318466666665,242
3.2,0.15,2.5,0.04,0.015,0.001,0.97,0.6,0.07,692.207733333333,5.73935999999998,289
3.6,0.13,2.66,0.05,0.01,0.001,0.52,0.52,0.07,704.694966666667,5.71909133333331,270
3.2,0.15,2.5,0.04,0.015,0.001,0.97,0.6,0.07,689.553157142857,6.10017133333332,240
3.6,0.13,2.66,0.05,0.01,0.001,0.52,0.52,0.07,683.2072,7.83152799999998,221
3.2,0.15,2.5,0.04,0.015,0.001,0.97,0.6,0.07,672.911266666667,7.77379199999998,223
3.6,0.13,2.66,0.05,0.01,0.001,0.52,0.52,0.07,682.128266666666,7.87642799999998,220
3.2,0.15,2.5,0.04,0.015,0.001,0.97,0.6,0.07,669.100366666667,7.85096866666664,218
3.6,0.13,2.66,0.05,0.01,0.001,0.52,0.52,0.07,704.338966666667,5.71909133333331,266
3.2,0.15,2.5,0.04,0.015,0.001,0.97,0.6,0.07,673.163666666667,7.77239199999998,225
3.5,0.13,2.35,0.035,0.015,0.001,1,0.95,0.065,746.065666666667,5.70229933333333,346
3.5,0.13,2.35,0.035,0.015,0.001,1,0.95,0.065,730.0769,5.86775733333333,290
3.5,0.13,2.35,0.035,0.015,0.001,1,0.95,0.065,746.038866666667,5.70229933333333,337
3.5,0.13,2.35,0.035,0.015,0.001,1,0.95,0.065,725.790557142857,6.08798199999999,258
3.5,0.13,2.35,0.035,0.015,0.001,1,0.95,0.065,727.047357142857,6.04464866666666,262
3.5,0.13,2.35,0.035,0.015,0.001,1,0.95,0.065,730.0769,5.82037333333333,297
3.5,0.13,2.35,0.035,0.015,0.001,1,0.95,0.065,713.888657142857,7.70367457142856,229
3.5,0.13,2.35,0.035,0.015,0.001,1,0.95,0.065,729.5179,6.04464866666666,276
3.5,0.13,2.35,0.035,0.015,0.001,1,0.95,0.065,725.790557142857,6.08798199999999,258
3.5,0.13,2.35,0.035,0.015,0.001,1,0.95,0.065,705.911233333333,7.74962457142856,225
3.5,0.13,2.35,0.035,0.015,0.001,1,0.95,0.065,724.989690476191,6.121082,249
3.5,0.13,2.35,0.035,0.015,0.001,1,0.95,0.065,714.421990476191,7.70367457142856,232
3.55,0.13,2.3,0.035,0.015,0.001,1.45,0.6,0.06,740.5058,5.82008899999999,330
3.55,0.13,2.3,0.035,0.015,0.001,1.45,0.6,0.06,728.613533333333,5.94938966666666,301
3.55,0.13,2.3,0.035,0.015,0.001,1.45,0.6,0.06,728.617533333333,5.96894966666666,310
3.55,0.13,2.3,0.035,0.015,0.001,1.45,0.6,0.06,726.386233333334,6.03778366666666,284
3.55,0.13,2.3,0.035,0.015,0.001,1.45,0.6,0.06,711.085157142857,7.81476757142856,230
3.55,0.13,2.3,0.035,0.015,0.001,1.45,0.6,0.06,726.420233333333,6.07948366666666,280
3.55,0.13,2.3,0.035,0.015,0.001,1.45,0.6,0.06,721.859023809524,6.23681499999999,250
3.55,0.13,2.3,0.035,0.015,0.001,1.45,0.6,0.06,726.296233333333,5.99397366666666,289
3.55,0.13,2.3,0.035,0.015,0.001,1.45,0.6,0.06,722.733890476191,6.23501499999999,256
3.55,0.13,2.3,0.035,0.015,0.001,1.45,0.6,0.06,711.085157142857,7.81476757142856,230
3.55,0.13,2.3,0.035,0.015,0.001,1.45,0.6,0.06,722.005623809524,6.22814833333333,243
3.55,0.13,2.3,0.035,0.015,0.001,1.45,0.6,0.06,722.005623809524,6.22814833333333,242
3.6,0.19,2.4,0.035,0.01,0.001,0.98,0.22,0.058,691.407166666667,7.54149433333331,280
3.6,0.19,2.4,0.035,0.01,0.001,0.98,0.22,0.058,701.104666666667,7.18617099999998,366
3.6,0.19,2.4,0.035,0.01,0.001,0.98,0.22,0.058,701.159866666667,7.20163966666664,335
3.6,0.19,2.4,0.035,0.01,0.001,0.98,0.22,0.058,691.373166666667,7.53577433333331,286
3.6,0.19,2.4,0.035,0.01,0.001,0.98,0.22,0.058,677.284623809524,7.60937433333331,258
3.6,0.19,2.4,0.035,0.01,0.001,0.98,0.22,0.058,691.407166666667,7.54324433333331,275
3.6,0.19,2.4,0.035,0.01,0.001,0.98,0.22,0.058,673.76409047619,7.66216099999998,248
3.6,0.19,2.4,0.035,0.01,0.001,0.98,0.22,0.058,652.544833333334,9.35095066666665,222
3.6,0.19,2.4,0.035,0.01,0.001,0.98,0.22,0.058,678.552023809524,7.58822433333331,265
3.6,0.19,2.4,0.035,0.01,0.001,0.98,0.22,0.058,653.296833333334,9.31444399999999,226
3.6,0.19,2.4,0.035,0.01,0.001,0.98,0.22,0.058,690.5693,7.54324433333331,270
3.6,0.19,2.4,0.035,0.01,0.001,0.98,0.22,0.058,670.902857142857,7.72465433333331,245
3.3,0.1,2.2,0.02,0.012,0.001,1.49,1.03,0.055,759.968366666667,5.68409233333332,361
3.7,0.18,2.45,0.035,0.015,0.001,0.49,0.59,0.055,751.138733333333,5.81279266666667,299
3.3,0.1,2.2,0.02,0.012,0.001,1.49,1.03,0.055,759.968366666667,5.68409233333332,368
3.7,0.18,2.45,0.035,0.015,0.001,0.49,0.59,0.055,771.2876,5.43748866666667,371
3.3,0.1,2.2,0.02,0.012,0.001,1.49,1.03,0.055,744.2063,5.76894866666666,312
3.7,0.18,2.45,0.035,0.015,0.001,0.49,0.59,0.055,761.734966666667,5.690696,315
3.3,0.1,2.2,0.02,0.012,0.001,1.49,1.03,0.055,737.983357142857,6.05423066666666,258
3.7,0.18,2.45,0.035,0.015,0.001,0.49,0.59,0.055,750.749133333333,5.97860133333333,281
3.3,0.1,2.2,0.02,0.012,0.001,1.49,1.03,0.055,737.224690476191,6.08363066666666,248
3.7,0.18,2.45,0.035,0.015,0.001,0.49,0.59,0.055,749.814333333333,6.189094,268
3.3,0.1,2.2,0.02,0.012,0.001,1.49,1.03,0.055,741.7158,5.77514533333332,294
3.7,0.18,2.45,0.035,0.015,0.001,0.49,0.59,0.055,750.749133333333,5.942198,285
3.3,0.1,2.2,0.02,0.012,0.001,1.49,1.03,0.055,723.000923809524,7.75405523809522,228
3.7,0.18,2.45,0.035,0.015,0.001,0.49,0.59,0.055,744.550023809524,6.196574,253
3.3,0.1,2.2,0.02,0.012,0.001,1.49,1.03,0.055,715.3928,7.75165857142856,221
3.7,0.18,2.45,0.035,0.015,0.001,0.49,0.59,0.055,743.173157142857,6.199874,249
3.3,0.1,2.2,0.02,0.012,0.001,1.49,1.03,0.055,735.647290476191,6.22620733333332,238
3.7,0.18,2.45,0.035,0.015,0.001,0.49,0.59,0.055,723.562433333333,7.40102366666666,226
3.3,0.1,2.2,0.02,0.012,0.001,1.49,1.03,0.055,723.000923809524,7.75405523809522,228
3.7,0.18,2.45,0.035,0.015,0.001,0.49,0.59,0.055,743.964957142857,6.195074,241
3.3,0.1,2.2,0.02,0.012,0.001,1.49,1.03,0.055,723.976923809524,7.70103523809522,231
3.7,0.18,2.45,0.035,0.015,0.001,0.49,0.59,0.055,750.749133333333,6.02574133333333,280
3.3,0.1,2.2,0.02,0.012,0.001,1.49,1.03,0.055,735.542890476191,6.29711066666665,235
3.7,0.18,2.45,0.035,0.015,0.001,0.49,0.59,0.055,743.964957142857,6.195074,243
3.6,0.1,2.5,0.025,0.011,0.001,1.55,1,0.051,760.928566666666,5.56374766666666,308
3.6,0.1,2.5,0.025,0.011,0.001,1.55,1,0.051,781.150633333333,5.26946733333332,364
3.6,0.1,2.5,0.025,0.011,0.001,1.55,1,0.051,780.752433333333,5.30654733333332,345
3.6,0.1,2.5,0.025,0.011,0.001,1.55,1,0.051,758.108466666667,5.68147499999999,282
3.6,0.1,2.5,0.025,0.011,0.001,1.55,1,0.051,751.737257142857,5.94824499999999,249
3.6,0.1,2.5,0.025,0.011,0.001,1.55,1,0.051,758.270466666667,5.55685099999999,295
3.6,0.1,2.5,0.025,0.011,0.001,1.55,1,0.051,737.17349047619,7.66249766666665,229
3.6,0.1,2.5,0.025,0.011,0.001,1.55,1,0.051,751.513057142857,6.08683166666666,236
3.6,0.1,2.5,0.025,0.011,0.001,1.55,1,0.051,751.944257142857,5.94824499999999,248
3.6,0.1,2.5,0.025,0.011,0.001,1.55,1,0.051,728.581033333333,7.72630766666665,226
3.6,0.1,2.5,0.025,0.011,0.001,1.55,1,0.051,758.108466666667,5.67625499999999,286
3.6,0.1,2.5,0.025,0.011,0.001,1.55,1,0.051,751.608057142857,6.08683166666666,235
3.45,0.1,2.55,0.04,0.01,0.001,0.5,0.96,0.05,705.836257142857,5.67896399999999,254
3.45,0.1,2.55,0.04,0.01,0.001,0.5,0.96,0.05,728.0956,4.98616466666666,360
3.45,0.1,2.55,0.04,0.01,0.001,0.5,0.96,0.05,727.7046,5.03105466666666,328
3.45,0.1,2.55,0.04,0.01,0.001,0.5,0.96,0.05,710.576866666667,5.37979599999999,281
3.45,0.1,2.55,0.04,0.01,0.001,0.5,0.96,0.05,705.492523809524,5.67576399999999,240
3.45,0.1,2.55,0.04,0.01,0.001,0.5,0.96,0.05,710.472866666667,5.59725066666666,276
3.45,0.1,2.55,0.04,0.01,0.001,0.5,0.96,0.05,694.90689047619,7.60962199999998,230
3.45,0.1,2.55,0.04,0.01,0.001,0.5,0.96,0.05,710.277566666667,5.59725066666666,270
3.45,0.1,2.55,0.04,0.01,0.001,0.5,0.96,0.05,705.200923809524,5.68056399999999,248
3.45,0.1,2.55,0.04,0.01,0.001,0.5,0.96,0.05,683.7325,7.75133866666665,218
3.45,0.1,2.55,0.04,0.01,0.001,0.5,0.96,0.05,707.797523809524,5.59725066666666,263
3.45,0.1,2.55,0.04,0.01,0.001,0.5,0.96,0.05,704.995723809524,5.68056399999999,245
3.54,0.26,2.65,0.06,0.019,0.001,1.52,0.81,0.051,680.418566666667,5.69009566666665,292
3.54,0.26,2.65,0.06,0.019,0.001,1.52,0.81,0.051,680.196366666667,5.62930233333331,310
3.54,0.26,2.65,0.06,0.019,0.001,1.52,0.81,0.051,700.0208,5.44844233333331,321
3.54,0.26,2.65,0.06,0.019,0.001,1.52,0.81,0.051,700.845466666667,5.41814099999998,360
3.54,0.26,2.65,0.06,0.019,0.001,1.52,0.81,0.051,701.226966666667,5.41402099999998,368
3.54,0.26,2.65,0.06,0.019,0.001,1.52,0.81,0.051,701.244966666667,5.38711099999998,379
3.54,0.26,2.65,0.06,0.019,0.001,1.52,0.81,0.051,701.516166666667,5.39213099999998,410
3.54,0.26,2.65,0.06,0.019,0.001,1.52,0.81,0.051,701.275766666667,5.39469099999998,426
3.47,0.22,3.07,0.02,0.03,0.001,0.52,0.001,0.0455751121076233,689.852966666667,7.70409766666665,350
3.47,0.22,3.07,0.02,0.03,0.001,0.52,0.001,0.0455751121076233,684.5079,7.71773966666664,315
3.47,0.22,3.07,0.02,0.03,0.001,0.52,0.001,0.0455751121076233,677.989833333333,7.84975299999998,285
3.17,0.22,3.18,0.02,0.01,0.001,1.12,0.001,0.0455751121076233,673.5538,8.09184999999997,360
3.17,0.22,3.18,0.02,0.01,0.001,1.12,0.001,0.0455751121076233,671.549766666667,8.14844666666664,320
3.17,0.22,3.18,0.02,0.01,0.001,1.12,0.001,0.0455751121076233,660.9408,8.22161499999997,290
3.5,0.234518959913326,2.5,0.02,0.01,0.001,1.1,0.6,0.03,773.954633333333,5.72138533333332,487
3.5,0.234518959913326,2.5,0.02,0.01,0.001,1.1,0.6,0.03,773.954633333333,5.71358533333332,463
3.5,0.234518959913326,2.5,0.02,0.01,0.001,1.1,0.6,0.03,773.954633333333,5.71358533333332,465
3.5,0.234518959913326,2.5,0.02,0.01,0.001,1.1,0.6,0.03,773.954633333333,5.71358533333332,467
3.5,0.234518959913326,2.5,0.02,0.01,0.001,1.1,0.6,0.03,773.954633333333,5.71358533333332,468
3.5,0.234518959913326,2.5,0.02,0.01,0.001,1.1,0.6,0.03,773.954633333333,5.71358533333332,470
3.5,0.234518959913326,2.5,0.02,0.01,0.001,1.1,0.6,0.03,774.676933333333,5.71046533333332,390
3.5,0.234518959913326,2.5,0.02,0.01,0.001,1.1,0.6,0.03,773.7687,5.80750066666666,335
3.5,0.234518959913326,2.5,0.02,0.01,0.001,1.1,0.6,0.03,764.4599,5.86354666666666,315
3.5,0.234518959913326,2.5,0.02,0.01,0.001,1.1,0.6,0.03,758.903133333333,6.01219633333332,310
3.5,0.234518959913326,2.5,0.02,0.01,0.001,1.1,0.6,0.03,758.903133333333,6.01219633333332,310
3.5,0.234518959913326,2.5,0.02,0.01,0.001,1.1,0.6,0.03,764.4599,5.86354666666666,315
3.69,0.28,2.47,0.05,0.01,0.001,0.001,0.32,0.037,601.351133333333,4.41584666666667,400
3.69,0.28,2.47,0.05,0.01,0.001,0.001,0.32,0.037,601.721133333333,4.41746666666667,430
3.69,0.28,2.47,0.05,0.01,0.001,0.001,0.32,0.037,601.552133333333,4.41584666666667,380
3.69,0.28,2.47,0.05,0.01,0.001,0.001,0.32,0.037,601.721133333333,4.41746666666667,430
3.46,0.39,2.48,0.02,0.01,0.001,0.001,0.8,0.043,735.893733333333,5.79525033333332,391
3.46,0.39,2.48,0.02,0.01,0.001,0.001,0.8,0.043,736.288533333333,5.93942299999999,342
3.46,0.39,2.48,0.02,0.01,0.001,0.001,0.8,0.043,727.750433333333,6.44703533333332,308
3.68,0.23,2.47,0.006,0.014,0,0.15,1.1,0.056,846,4.4,395
3.46,0.22,2.5,0.009,0.018,0,0.69,1.1,0.044,845,4.3,390
3.97,0.15,3.12,0.01,0.003,0,0.13,0.83,0.062,850,3.2,390
3.2,0.16,2.88,0,0.025,0,0.03,0.06,0.043,779,3.8,381
3.6,0.3,2.6,0.03,0.01,0.001,0.2,0.4,0.0455751121076233,748.350066666667,4.680121,379
3.6,0.3,2.6,0.03,0.01,0.001,0.2,0.4,0.0455751121076233,748.1419,4.699001,362
3.6,0.3,2.6,0.03,0.01,0.001,0.2,0.4,0.0455751121076233,748.1419,4.699001,362
3.6,0.3,2.6,0.03,0.01,0.001,0.2,0.4,0.0455751121076233,748.350066666667,4.699001,371
3.6,0.3,2.6,0.03,0.01,0.001,0.2,0.4,0.0455751121076233,748.350066666667,4.699001,371
3.6,0.3,2.6,0.03,0.01,0.001,0.2,0.4,0.0455751121076233,748.350066666667,4.699001,371
3.6,0.3,2.6,0.03,0.01,0.001,0.2,0.4,0.0455751121076233,748.350066666667,4.699001,371
3.6,0.3,2.6,0.03,0.01,0.001,0.2,0.4,0.0455751121076233,748.1419,4.699001,362.5
3.6,0.3,2.6,0.03,0.01,0.001,0.2,0.4,0.0455751121076233,748.350066666667,4.699001,371
3.6,0.3,2.6,0.03,0.01,0.001,0.2,0.4,0.0455751121076233,748.1419,4.699001,362
3.6,0.3,2.6,0.03,0.01,0.001,0.2,0.4,0.0455751121076233,748.1419,4.699001,362
3.6,0.3,2.6,0.03,0.01,0.001,0.2,0.4,0.0455751121076233,747.567633333333,4.75006899999999,336
3.3,0.62,2.5,0.02,0.01,0.125,3.52,1.19,0.045,756.375428571429,6.44518766666664,356
3.3,0.62,2.5,0.02,0.01,0.125,3.52,1.19,0.045,756.263428571429,6.44518766666664,360
3.3,0.62,2.5,0.02,0.01,0.125,3.52,1.19,0.045,756.263428571429,6.44518766666664,363
3.56,0.29,2.68,0.03,0.006,0,0,0.87,0.0305,654,4,341
3.56,0.29,2.68,0.03,0.006,0,0,0.87,0.0305,654,4,336
3.56,0.29,2.68,0.03,0.006,0,0,0.87,0.0305,654,4,299
3.56,0.29,2.68,0.03,0.006,0,0,0.87,0.0305,654,4,292
3.35,0,2.82,0,0,0,0.93,0,0.06,677.221633333333,8.68557466666665,342
3.3,0,2.78,0,0,0,1.05,0.75,0.07,760.407666666667,5.44430533333332,345
3.4,0,2.8,0,0,0,0.97,0.7,0.06,770.3665,5.56733933333332,361
3.4,0,2.76,0,0,0,0.55,0,0.05,678.841566666667,8.50158133333331,298
3.35,0,2.75,0,0,0,0.45,0,0.05,682.0706,8.43820466666664,322
3.4,0,2.8,0,0,0,0.55,0,0.07,679.475966666667,8.64402133333332,375
3.52,0.46,3.21,0.02,0.02,0.001,0.04,0.94,0.04,736.401852380952,6.59186266666666,357
3.64,0.15,2.6,0.016,0.016,0.019,0.016,0.25,0.0455751121076233,645.956141269841,9.09685425641026,320
3.73,0.3,2.55,0.045,0.023,0.032,1.25,1.03,0.044,722.951266666667,7.15956999999997,277
3.73,0.3,2.55,0.045,0.023,0.032,1.25,1.03,0.044,722.951266666667,7.15956999999997,277
3.73,0.3,2.55,0.045,0.023,0.032,1.25,1.03,0.044,722.951266666667,7.15956999999997,277
3.73,0.3,2.55,0.045,0.023,0.032,1.25,1.03,0.044,722.951266666667,7.15956999999997,277
3.73,0.3,2.55,0.045,0.023,0.032,1.25,1.03,0.044,722.951266666667,7.15956999999997,277
3.73,0.3,2.55,0.045,0.023,0.032,1.25,1.03,0.044,722.951266666667,7.15956999999997,277
3.73,0.3,2.55,0.045,0.023,0.032,1.25,1.03,0.044,722.951266666667,7.15956999999997,277
3.73,0.3,2.55,0.045,0.023,0.032,1.25,1.03,0.044,722.951266666667,7.15956999999997,277
3.73,0.3,2.55,0.045,0.023,0.032,1.25,1.03,0.044,722.951266666667,7.15956999999997,277
3.73,0.3,2.55,0.045,0.023,0.032,1.25,1.03,0.044,722.951266666667,7.15956999999997,277
3.73,0.3,2.55,0.045,0.023,0.032,1.25,1.03,0.044,722.951266666667,7.15956999999997,277
3.73,0.3,2.55,0.045,0.023,0.032,1.25,1.03,0.044,722.951266666667,7.15956999999997,277
3.73,0.3,2.55,0.045,0.023,0.032,1.25,1.03,0.044,722.951266666667,7.15956999999997,277
3.73,0.3,2.55,0.045,0.023,0.032,1.25,1.03,0.044,722.951266666667,7.15956999999997,277
3.73,0.3,2.55,0.045,0.023,0.032,1.25,1.03,0.044,722.951266666667,7.15956999999997,277
3.73,0.3,2.55,0.045,0.023,0.032,1.25,1.03,0.044,722.951266666667,7.15956999999997,277
3.73,0.3,2.55,0.045,0.023,0.032,1.25,1.03,0.044,722.951266666667,7.15956999999997,277
3.73,0.3,2.55,0.045,0.023,0.032,1.25,1.03,0.044,722.951266666667,7.15956999999997,277
3.73,0.3,2.55,0.045,0.023,0.032,1.25,1.03,0.044,722.951266666667,7.15956999999997,277
3.73,0.3,2.55,0.045,0.023,0.032,1.25,1.03,0.044,742.146266666667,6.69101666666663,329
3.73,0.3,2.55,0.045,0.023,0.032,1.25,1.03,0.044,742.146266666667,6.69101666666663,329
3.73,0.3,2.55,0.045,0.023,0.032,1.25,1.03,0.044,742.146266666667,6.69101666666663,329
3.73,0.3,2.55,0.045,0.023,0.032,1.25,1.03,0.044,742.146266666667,6.69101666666663,329
3.73,0.3,2.55,0.045,0.023,0.032,1.25,1.03,0.044,742.146266666667,6.69101666666663,329
3.73,0.3,2.55,0.045,0.023,0.032,1.25,1.03,0.044,742.146266666667,6.69101666666663,329
3.73,0.3,2.55,0.045,0.023,0.032,1.25,1.03,0.044,742.146266666667,6.69101666666663,329
3.73,0.3,2.55,0.045,0.023,0.032,1.25,1.03,0.044,742.146266666667,6.69101666666663,329
3.73,0.3,2.55,0.045,0.023,0.032,1.25,1.03,0.044,742.146266666667,6.69101666666663,329
3.73,0.3,2.55,0.045,0.023,0.032,1.25,1.03,0.044,742.146266666667,6.69101666666663,329
3.73,0.3,2.55,0.045,0.023,0.032,1.25,1.03,0.044,742.146266666667,6.69101666666663,329
3.73,0.3,2.55,0.045,0.023,0.032,1.25,1.03,0.044,742.146266666667,6.69101666666663,329
3.73,0.3,2.55,0.045,0.023,0.032,1.25,1.03,0.044,742.146266666667,6.69101666666663,329
3.73,0.3,2.55,0.045,0.023,0.032,1.25,1.03,0.044,742.146266666667,6.69101666666663,329
3.73,0.3,2.55,0.045,0.023,0.032,1.25,1.03,0.044,742.146266666667,6.69101666666663,329
3.73,0.3,2.55,0.045,0.023,0.032,1.25,1.03,0.044,742.146266666667,6.69101666666663,329
3.73,0.3,2.55,0.045,0.023,0.032,1.25,1.03,0.044,742.146266666667,6.69101666666663,329
3.73,0.3,2.55,0.045,0.023,0.032,1.25,1.03,0.044,742.146266666667,6.69101666666663,329
3.73,0.3,2.55,0.045,0.023,0.032,1.25,1.03,0.044,742.146266666667,6.69101666666663,329
3.55,0.13,2.78,0.054,0.004,0,0,0,0.03,552.5605,11.613214,520
3.55,0.13,2.78,0.054,0.004,0,0,0,0.03,552.5605,11.613214,510
3.55,0.13,2.78,0.054,0.004,0,0,0,0.03,552.5605,11.613214,515
3.55,0.13,2.78,0.054,0.004,0,0,0,0.03,552.3065,11.613214,380
3.55,0.13,2.78,0.054,0.004,0,0,0,0.03,552.9325,11.6180806666667,350
3.55,0.13,2.78,0.054,0.004,0,0,0,0.03,552.9325,11.6180806666667,360
3.55,0.13,2.78,0.054,0.004,0,0,0,0.03,552.5605,11.613214,450
3.55,0.13,2.78,0.054,0.004,0,0,0,0.03,552.5605,11.613214,440
3.55,0.13,2.78,0.054,0.004,0,0,0,0.03,552.5605,11.613214,445
3.48,0.07,2.7,0.033,0.001,0.03,0.06,0.02,0.03,624.276566666667,11.564854,453
3.48,0.07,2.7,0.033,0.001,0.03,0.06,0.02,0.03,624.276566666667,11.564854,427
3.48,0.07,2.7,0.033,0.001,0.03,0.06,0.02,0.03,624.382566666667,11.557454,362
3.48,0.07,2.7,0.033,0.001,0.03,0.06,0.02,0.03,625.079066666667,11.577334,331
3.48,0.07,2.7,0.033,0.001,0.03,0.06,0.02,0.03,624.799066666667,11.577334,324
3.39,0.29,2.62,0.042,0.01,0.001,0.72,0.51,0.046,656,3.2,314
3.39,0.29,2.62,0.042,0.01,0.001,0.72,0.51,0.046,656,3.2,314
3.39,0.29,2.62,0.042,0.01,0.001,0.72,0.51,0.046,656,3.2,314
3.39,0.29,2.62,0.042,0.01,0.001,0.72,0.51,0.046,656,3.2,314
3.39,0.29,2.62,0.042,0.01,0.001,0.72,0.51,0.046,656,3.2,314
3.39,0.29,2.62,0.042,0.01,0.001,0.72,0.51,0.046,656,3.2,314
3.39,0.37,2.56,0.015,0.012,0.001,0,0.29,0.04,661.223366666666,7.16958292307691,293.764751798743
3.52,0.67,2.64,0.007,0.013,0.001,0,0.25,0.04,658.778866666666,7.64912492307691,308.971997320842
3.48,0.56,2.51,0.016,0.012,0.001,0,0.31,0.04,666.9349,6.95007599999999,304.219733095186
3.5,0.59,2.32,0.018,0.015,0.001,0,0.29,0.04,685.856790476191,7.55536158974357,305.170185940317
3.72,0.16,2.6,0,0,0.001,0,0.54,0.03,703.505566666666,6.21361166666667,387.859583466729
3.72,0.16,2.6,0,0,0.001,0,0.54,0.03,704.565033333333,6.45323433333333,317.526072927022
3.72,0.16,2.6,0,0,0.001,0,0.54,0.03,699.1029,6.505269,308.971997320842
3.72,0.16,2.6,0,0,0.001,0,0.54,0.03,696.4911,6.471285,297.566563179268
3.72,0.16,2.6,0,0,0.001,0,0.54,0.03,698.8261,6.478589,305.170185940317
3.72,0.16,2.6,0,0,0.001,0,0.54,0.03,699.1029,6.505269,308.971997320842
3.72,0.16,2.6,0,0,0.001,0,0.54,0.03,700.169566666666,6.47908233333333,312.773808701366
3.72,0.16,2.6,0,0,0.001,0,0.54,0.03,704.565033333333,6.45323433333333,317.526072927022
3.72,0.16,2.6,0,0,0.001,0,0.54,0.03,703.294566666667,6.21049833333334,421.125433046321
3.72,0.16,2.6,0,0,0.001,0,0.54,0.03,702.919266666667,6.219665,365.048715183581
3.72,0.16,2.6,0,0,0.001,0,0.54,0.03,703.906933333333,6.251041,335.584676984515
3.72,0.16,2.6,0,0,0.001,0,0.54,0.03,703.981766666667,6.251041,342.237846900433
3.72,0.16,2.6,0,0,0.001,0,0.54,0.03,705.162766666666,6.38572566666667,327.030601378334
3.72,0.16,2.6,0,0,0.001,0,0.54,0.03,703.906933333333,6.251041,334.634224139384
3.72,0.16,2.6,0,0,0.001,0,0.54,0.03,703.906933333333,6.251041,336.535129829646
3.72,0.16,2.6,0,0,0.001,0,0.54,0.03,703.797766666666,6.251041,341.287394055302
3.72,0.16,2.6,0,0,0.001,0,0.54,0.03,703.558566666666,6.21049833333334,462.945358232092
3.72,0.16,2.6,0,0,0.001,0,0.54,0.03,703.294566666667,6.21049833333334,409.719998904747
3.72,0.16,2.6,0,0,0.001,0,0.54,0.03,703.040766666667,6.21361166666667,375.503696480024
3.72,0.16,2.6,0,0,0.001,0,0.54,0.03,703.040766666667,6.219665,372.652337944631
3.72,0.16,2.6,0,0,0.001,0,0.54,0.03,703.040766666667,6.21361166666667,374.553243634893
3.72,0.16,2.6,0,0,0.001,0,0.54,0.03,703.040766666667,6.21361166666667,378.355055015418
3.72,0.16,2.6,0,0,0.001,0,0.54,0.03,703.040766666667,6.21361166666667,374.553243634893
3.72,0.16,2.6,0,0,0.001,0,0.54,0.03,703.040766666667,6.21361166666667,376.454149325155
3.72,0.16,2.6,0,0,0.001,0,0.54,0.03,703.558566666666,6.21049833333334,575.098793957572
3.72,0.16,2.6,0,0,0.001,0,0.54,0.03,703.558566666666,6.21049833333334,526.625698855881
3.72,0.16,2.6,0,0,0.001,0,0.54,0.03,703.981766666667,6.255601,343.188299745564
3.72,0.16,2.6,0,0,0.001,0,0.54,0.03,698.8261,6.478589,304.219733095186
3.72,0.16,2.6,0,0,0.001,0,0.54,0.03,695.6855,6.484687,293.764751798743
3.72,0.16,2.6,0,0,0.001,0,0.54,0.03,695.5695,6.52410033333333,289.962940418218
3.72,0.16,2.6,0,0,0.001,0,0.54,0.03,695.6855,6.52410033333333,290.913393263349
3.72,0.16,2.6,0,0,0.001,0,0.54,0.03,698.8261,6.471285,300.417921714661
3.72,0.16,2.6,0,0,0.001,0,0.54,0.03,698.8261,6.478589,301.368374559792
3.72,0.16,2.6,0,0,0.001,0,0.54,0.03,699.1029,6.505269,308.971997320842
3.72,0.16,2.6,0,0,0.001,0,0.54,0.03,703.558566666666,6.21049833333334,562.742906970866
3.72,0.16,2.6,0,0,0.001,0,0.54,0.03,703.558566666666,6.21049833333334,532.328415926669
3.72,0.16,2.6,0,0,0.001,0,0.54,0.03,703.404566666666,6.21361166666667,395.463206227779
3.72,0.16,2.6,0,0,0.001,0,0.54,0.03,704.469033333333,6.45429433333333,315.62516723676
3.72,0.16,2.6,0,0,0.001,0,0.54,0.03,698.8261,6.478589,303.269280250055
3.72,0.16,2.6,0,0,0.001,0,0.54,0.03,699.917566666666,6.505269,310.872903011104
3.72,0.16,2.6,0,0,0.001,0,0.54,0.03,698.8261,6.478589,302.318827404924
3.72,0.16,2.6,0,0,0.001,0,0.54,0.03,699.1029,6.493789,308.021544475711
3.72,0.16,2.6,0,0,0.001,0,0.54,0.03,702.612633333333,6.45429433333333,314.674714391629
3.72,0.16,2.6,0,0,0.001,0,0.54,0.03,704.763033333333,6.45159433333333,320.377431462416
3.72,0.16,2.6,0,0,0.001,0,0.54,0.03,703.558566666666,6.21049833333334,600.761020776113
3.72,0.16,2.6,0,0,0.001,0,0.54,0.03,703.558566666666,6.21049833333334,568.445624041653
3.72,0.16,2.6,0,0,0.001,0,0.54,0.03,703.468566666667,6.21049833333334,435.382225723288
3.72,0.16,2.6,0,0,0.001,0,0.54,0.03,703.505566666666,6.21361166666667,389.760489156992
3.72,0.16,2.6,0,0,0.001,0,0.54,0.03,703.505566666666,6.21361166666667,384.057772086205
3.72,0.16,2.6,0,0,0.001,0,0.54,0.03,703.040766666667,6.21361166666667,374.553243634893
3.72,0.16,2.6,0,0,0.001,0,0.54,0.03,703.040766666667,6.219665,373.602790789762
3.72,0.16,2.6,0,0,0.001,0,0.54,0.03,703.423566666666,6.21361166666667,380.25596070568
3.72,0.16,2.6,0,0,0.001,0,0.54,0.03,703.613566666667,6.21361166666667,382.156866395942
3.72,0.16,2.6,0,0,0.001,0,0.54,0.03,703.412566666667,6.21361166666667,390.710942002123
3.26,0.375,2.6,0.016,0.018,0.001,0,0,0.056,626.636066666666,9.68087133333333,394.512753382648
3.26,0.375,2.6,0.016,0.018,0.001,0,0,0.056,627.2429,9.72454466666666,342.237846900433
3.26,0.375,2.6,0.016,0.018,0.001,0,0,0.056,620.249266666666,9.96024966666667,256.697090838627
3.57,0.615,2.85,0.0295,0.0235,0.001,0.044,0.53,0.048,729.622952380952,6.50914433333332,416.373168820665
3.57,0.615,2.85,0.0295,0.0235,0.001,0.044,0.53,0.048,730.349119047619,6.72445766666665,327.981054223465
3.14,0.07,2.67,0.023,0.003,0.12,0.8,0.3,0.0455751121076233,698.745055555556,8.0675253333333,494.310302121421
3.14,0.07,2.67,0.023,0.003,0.12,0.8,0.3,0.0455751121076233,698.745055555556,8.0675253333333,456.292188316174
3.14,0.07,2.67,0.023,0.003,0.12,0.8,0.3,0.0455751121076233,698.933055555556,8.0675253333333,389.760489156992
3.14,0.07,2.67,0.023,0.003,0.12,0.8,0.3,0.0455751121076233,698.933055555556,8.0596853333333,380.25596070568
3.14,0.07,2.67,0.023,0.003,0.12,0.8,0.3,0.0455751121076233,698.905055555556,8.0556153333333,332.733318449121
3.14,0.07,2.67,0.023,0.003,0.12,0.8,0.3,0.0455751121076233,698.905055555556,8.0604053333333,351.742375351745
3.14,0.07,2.67,0.023,0.003,0.12,0.8,0.3,0.0455751121076233,698.745055555556,8.0675253333333,446.787659864862
3.14,0.07,2.67,0.023,0.003,0.12,0.8,0.3,0.0455751121076233,698.933055555556,8.0675253333333,394.512753382648
3.14,0.07,2.67,0.023,0.003,0.12,0.8,0.3,0.0455751121076233,698.905055555556,8.0556153333333,332.733318449121
3.14,0.07,2.67,0.023,0.003,0.12,0.8,0.3,0.0455751121076233,698.925055555556,8.0556153333333,323.228789997809
3.14,0.07,2.67,0.023,0.003,0.12,0.8,0.3,0.0455751121076233,698.905055555556,8.0556153333333,332.733318449121
3.14,0.07,2.67,0.023,0.003,0.12,0.8,0.3,0.0455751121076233,698.905055555556,8.0556153333333,332.733318449121
3.14,0.07,2.67,0.023,0.003,0.12,0.8,0.3,0.0455751121076233,698.933055555556,8.0596853333333,380.25596070568
3.14,0.07,2.67,0.023,0.003,0.12,0.8,0.3,0.0455751121076233,698.925055555556,8.0556153333333,323.228789997809
3.14,0.07,2.67,0.023,0.003,0.12,0.8,0.3,0.0455751121076233,688.961455555556,8.15142033333331,275.706147741251
3.14,0.07,2.67,0.023,0.003,0.12,0.8,0.3,0.0455751121076233,688.961455555556,8.15142033333331,275.706147741251
3.14,0.07,2.67,0.023,0.003,0.12,0.8,0.3,0.0455751121076233,687.404555555556,8.15142033333331,266.201619289939
3.14,0.07,2.67,0.023,0.003,0.12,0.8,0.3,0.0455751121076233,688.961455555556,8.15142033333331,275.706147741251
3.44,0.16,2.61,0.024,0.01,0.04,0.03,0.001,0.052,646.859722222222,10.951206,369.800979409237
3.44,0.16,2.61,0.024,0.01,0.04,0.03,0.001,0.052,646.815222222222,10.951206,358.395545267663
3.44,0.16,2.61,0.024,0.01,0.04,0.03,0.001,0.052,646.815222222222,10.951206,347.94056397122
3.44,0.16,2.61,0.024,0.01,0.04,0.03,0.001,0.052,647.329722222222,10.993666,327.030601378334
3.44,0.16,2.61,0.024,0.01,0.04,0.03,0.001,0.052,644.519855555555,11.078356,299.46746886953
3.65,0.18,2.59,0.052,0.014,0.001,0.001,0.001,0.06,507,12.1,228.183505484692
3.65,0.18,2.59,0.052,0.014,0.001,0.001,0.001,0.06,507,12.1,190.165391679445
3.65,0.18,2.59,0.052,0.014,0.001,0.001,0.001,0.06,507,12.1,190.165391679445
3.65,0.18,2.59,0.052,0.014,0.001,0.001,0.001,0.06,507,12.1,166.404070551165
3.65,0.18,2.59,0.052,0.014,0.001,0.001,0.001,0.06,507,12.1,161.651806325509
3.65,0.18,2.59,0.052,0.014,0.001,0.001,0.001,0.06,507,12.1,256.697090838627
3.65,0.18,2.59,0.052,0.014,0.001,0.001,0.001,0.06,507,12.1,294.715204643874
3.65,0.18,2.59,0.052,0.014,0.001,0.001,0.001,0.06,507,12.1,323.228789997809
3.65,0.18,2.59,0.052,0.014,0.001,0.001,0.001,0.06,507,12.1,308.971997320842
3.65,0.18,2.59,0.052,0.014,0.001,0.001,0.001,0.06,507,12.1,308.971997320842
3.65,0.18,2.59,0.052,0.014,0.001,0.001,0.001,0.06,507,12.1,199.669920130756
3.65,0.18,2.59,0.052,0.014,0.001,0.001,0.001,0.06,507,12.1,190.165391679445
3.65,0.18,2.59,0.052,0.014,0.001,0.001,0.001,0.06,507,12.1,204.422184356412
3.65,0.18,2.59,0.052,0.014,0.001,0.001,0.001,0.06,507,12.1,213.926712807724
3.65,0.18,2.59,0.052,0.014,0.001,0.001,0.001,0.06,507,12.1,223.431241259036
3.65,0.18,2.59,0.052,0.014,0.001,0.001,0.001,0.06,507,12.1,332.733318449121
3.65,0.18,2.59,0.052,0.014,0.001,0.001,0.001,0.06,507,12.1,342.237846900433
3.65,0.18,2.59,0.052,0.014,0.001,0.001,0.001,0.06,507,12.1,342.237846900433
3.65,0.18,2.59,0.052,0.014,0.001,0.001,0.001,0.06,507,12.1,356.494639577401
3.65,0.18,2.59,0.052,0.014,0.001,0.001,0.001,0.06,507,12.1,332.733318449121
3.65,0.18,2.59,0.052,0.014,0.001,0.001,0.001,0.06,507,12.1,251.944826612971
3.65,0.18,2.59,0.052,0.014,0.001,0.001,0.001,0.06,507,12.1,261.449355064283
3.65,0.18,2.59,0.052,0.014,0.001,0.001,0.001,0.06,507,12.1,247.192562387315
3.65,0.18,2.59,0.052,0.014,0.001,0.001,0.001,0.06,507,12.1,270.953883515595
3.65,0.18,2.59,0.052,0.014,0.001,0.001,0.001,0.06,507,12.1,285.210676192562
3.65,0.18,2.59,0.052,0.014,0.001,0.001,0.001,0.06,507,12.1,570.346529731916
3.65,0.18,2.59,0.052,0.014,0.001,0.001,0.001,0.06,507,12.1,484.80577367011
3.65,0.18,2.59,0.052,0.014,0.001,0.001,0.001,0.06,507,12.1,451.539924090518
3.65,0.18,2.59,0.052,0.014,0.001,0.001,0.001,0.06,507,12.1,380.25596070568
3.65,0.18,2.59,0.052,0.014,0.001,0.001,0.001,0.06,507,12.1,432.530867187895
3.65,0.18,2.59,0.052,0.014,0.001,0.001,0.001,0.06,507,12.1,404.017281833959
3.65,0.18,2.59,0.052,0.014,0.001,0.001,0.001,0.06,507,12.1,380.25596070568
3.65,0.18,2.59,0.052,0.014,0.001,0.001,0.001,0.06,507,12.1,365.999168028712
3.65,0.18,2.59,0.052,0.014,0.001,0.001,0.001,0.06,507,12.1,356.494639577401
3.65,0.18,2.59,0.052,0.014,0.001,0.001,0.001,0.06,507,12.1,423.026338736583
3.65,0.18,2.59,0.052,0.014,0.001,0.001,0.001,0.06,507,12.1,356.494639577401
3.65,0.18,2.59,0.052,0.014,0.001,0.001,0.001,0.06,507,12.1,308.971997320842
3.65,0.18,2.59,0.052,0.014,0.001,0.001,0.001,0.06,507,12.1,299.46746886953
3.65,0.18,2.59,0.052,0.014,0.001,0.001,0.001,0.06,507,12.1,294.715204643874
3.65,0.18,2.59,0.052,0.014,0.001,0.001,0.001,0.06,507,12.1,308.971997320842
3.56,0.22,2.83,0.039,0.008,0,0,0,0.042,617.862266666667,9.11323466666667,372.652337944631
3.75,0.374,2.29,0.34,0.014,0,1.41,0,0.04,651.318333333333,9.39438766666667,594.107850860195
3.75,0.374,2.29,0.34,0.014,0,1.41,0,0.04,651.318333333333,9.39438766666667,418.274074510927
3.75,0.374,2.29,0.34,0.014,0,1.41,0,0.04,651.318333333333,9.39438766666667,404.017281833959
3.75,0.374,2.29,0.34,0.014,0,1.41,0,0.04,651.318333333333,9.39438766666667,413.521810285271
3.75,0.374,2.29,0.34,0.014,0,1.41,0,0.04,651.318333333333,9.39438766666667,404.017281833959
3.75,0.374,2.29,0.34,0.014,0,1.41,0,0.04,651.318333333333,9.39438766666667,389.760489156992
3.75,0.374,2.29,0.34,0.014,0,1.41,0,0.04,651.887,9.45534766666667,327.981054223465
3.75,0.374,2.29,0.34,0.014,0,1.41,0,0.04,648.062666666667,9.58282566666667,270.953883515595
3.75,0.374,2.29,0.34,0.014,0,1.41,0,0.04,641.3673,9.66746566666667,261.449355064283
3.75,0.374,2.29,0.34,0.014,0,1.41,0,0.04,648.839766666667,9.58282566666667,275.706147741251
3.75,0.374,2.29,0.34,0.014,0,1.41,0,0.04,651.318333333333,9.39438766666667,461.04445254183
3.75,0.374,2.29,0.34,0.014,0,1.41,0,0.04,651.318333333333,9.39438766666667,389.760489156992
3.75,0.374,2.29,0.34,0.014,0,1.41,0,0.04,651.318333333333,9.40218766666667,365.999168028712
3.75,0.374,2.29,0.34,0.014,0,1.41,0,0.04,648.809766666667,9.51984433333334,304.219733095186
3.75,0.374,2.29,0.34,0.014,0,1.41,0,0.04,651.318333333333,9.40218766666667,365.999168028712
3.75,0.374,2.29,0.34,0.014,0,1.41,0,0.04,648.867766666667,9.52604433333334,299.46746886953
3.75,0.374,2.29,0.34,0.014,0,1.41,0,0.04,647.760666666667,9.59422566666667,266.201619289939
3.75,0.374,2.29,0.34,0.014,0,1.41,0,0.04,648.062666666667,9.58282566666667,270.953883515595
3.75,0.374,2.29,0.34,0.014,0,1.41,0,0.04,641.3673,9.66746566666667,261.449355064283
3.75,0.374,2.29,0.34,0.014,0,1.41,0,0.04,648.867766666667,9.53344433333334,294.715204643874
3.69,0.36,2.6,0.016,0.005,0.001,0.001,0.29,0.064,652.5908,6.67707333333332,361.246903803057
3.69,0.36,2.6,0.016,0.005,0.001,0.001,0.29,0.064,652.8468,6.68507333333332,351.742375351745
3.69,0.36,2.6,0.016,0.005,0.001,0.001,0.29,0.064,653.2028,6.72416933333332,342.237846900433
3.69,0.36,2.6,0.016,0.005,0.001,0.001,0.29,0.064,652.7416,7.06429933333332,313.724261546498
3.69,0.36,2.6,0.016,0.005,0.001,0.001,0.29,0.064,653.745066666666,7.01034133333332,323.228789997809
3.69,0.36,2.6,0.016,0.005,0.001,0.001,0.29,0.064,652.7416,7.06429933333332,313.724261546498
3.69,0.36,2.6,0.016,0.005,0.001,0.001,0.29,0.064,651.9716,7.06722233333332,304.219733095186
3.69,0.36,2.6,0.016,0.005,0.001,0.001,0.29,0.064,651.7992,7.10823433333332,293.764751798743
3.68,0.06,1.06,0.005,0.005,0.001,0.04,0.001,0.05,564.065866666667,12.5835852380953,188.074395420156
3.68,0.06,1.06,0.005,0.005,0.001,0.04,0.001,0.05,673.8932,10.289302,274.280468473554
3.44,0.1,1.22,0.005,0.005,0.001,0.05,0.001,0.05,650.610557142857,10.3884773333333,234.741630116097
3.44,0.1,1.22,0.005,0.005,0.001,0.05,0.001,0.05,675.354,9.85431400000001,324.369333411967
3.8,0.258,2.6,0.037,0.024,0.026,0.023,0.32,0.056,633.6425,8.97583233333332,451.539924090518
3.8,0.258,2.6,0.037,0.024,0.026,0.023,0.32,0.056,633.8093,8.97659233333333,413.521810285271
3.8,0.258,2.6,0.037,0.024,0.026,0.023,0.32,0.056,633.9023,8.97659233333333,380.25596070568
3.8,0.258,2.6,0.037,0.024,0.026,0.023,0.32,0.056,636.9729,9.30801233333333,318.476525772154
3.81,0.29,2.64,0.037,0.017,0.032,1.57,0.33,0.052,689.3712,7.71563066666665,446.787659864862
3.81,0.29,2.64,0.037,0.017,0.032,1.57,0.33,0.052,689.3712,7.71563066666665,404.017281833959
3.81,0.29,2.64,0.037,0.017,0.032,1.57,0.33,0.052,689.3712,7.72311066666665,365.999168028712
3.81,0.29,2.64,0.037,0.017,0.032,1.57,0.33,0.052,678.4562,7.88795066666664,304.219733095186
3.64,0.11,3.06,0.02,0.01,0.001,0.001,0.001,0.03,602.296166666666,10.84072,386.909130621598
3.64,0.11,3.06,0.02,0.01,0.001,0.001,0.001,0.03,602.106833333333,10.84072,390.710942002123
3.64,0.11,3.06,0.02,0.01,0.001,0.001,0.001,0.03,602.106833333333,10.84072,406.678549800327
3.64,0.11,3.06,0.02,0.01,0.001,0.001,0.001,0.03,602.106833333333,10.84072,409.52990833572
3.64,0.11,3.06,0.02,0.01,0.001,0.001,0.001,0.03,602.042166666666,10.84072,374.363153065867
3.64,0.11,3.06,0.02,0.01,0.001,0.001,0.001,0.03,599.346866666666,11.0866206666667,271.7142457917
3.72,0.25,2.59,0.036,0.007,0.001,0.01,0.8,0.065,704.554185714286,5.95235099999999,382.225519959467
3.72,0.25,2.59,0.036,0.007,0.001,0.01,0.8,0.065,704.554185714286,5.95235099999999,382.225519959467
3.72,0.25,2.59,0.036,0.007,0.001,0.01,0.8,0.065,704.554185714286,5.95235099999999,382.225519959467
3.72,0.25,2.59,0.036,0.007,0.001,0.01,0.8,0.065,703.711385714286,5.94997099999999,452.908668669523
3.72,0.25,2.59,0.036,0.007,0.001,0.01,0.8,0.065,703.711385714286,5.94997099999999,452.908668669523
3.72,0.25,2.59,0.036,0.007,0.001,0.01,0.8,0.065,703.711385714286,5.94997099999999,452.908668669523
3.72,0.25,2.59,0.036,0.007,0.001,0.01,0.8,0.065,697.195752380953,6.76702999999999,272.852606804969
3.72,0.25,2.59,0.036,0.007,0.001,0.01,0.8,0.065,697.195752380953,6.76702999999999,272.852606804969
3.72,0.25,2.59,0.036,0.007,0.001,0.01,0.8,0.065,697.195752380953,6.76702999999999,272.852606804969
3.72,0.25,2.59,0.036,0.007,0.001,0.01,0.8,0.065,697.195752380953,6.76702999999999,272.852606804969
3.72,0.25,2.59,0.036,0.007,0.001,0.01,0.8,0.065,697.195752380953,6.76702999999999,272.852606804969
3.72,0.25,2.59,0.036,0.007,0.001,0.01,0.8,0.065,697.195752380953,6.76702999999999,272.852606804969
3.72,0.25,2.59,0.036,0.007,0.001,0.01,0.8,0.065,706.500052380952,6.06971766666666,336.427443579761
3.72,0.25,2.59,0.036,0.007,0.001,0.01,0.8,0.065,706.500052380952,6.06971766666666,336.427443579761
3.72,0.25,2.59,0.036,0.007,0.001,0.01,0.8,0.065,706.500052380952,6.06971766666666,336.427443579761
3.58,0.18,1.95,0.02,0.01,0.001,0.38,1.08,0.046,792.097666666667,5.355531,490.135056837774
3.58,0.18,1.95,0.02,0.01,0.001,0.38,1.08,0.046,792.640833333333,5.37516766666667,359.413323817789
3.4,0.45,2.77,0.01,0.01,0.001,1.43,1.17,0.04,765.099328571429,5.19985333333332,450.352910069118
3.4,0.45,2.77,0.01,0.01,0.001,1.43,1.17,0.04,764.613328571429,5.23711999999999,349.594912424848
3.68,0.29,2.52,0.03,0.01,0,1.36,0,0.03,673.647333333333,8.87488299999998,299.436350221506
3.56,0.24,2.46,0.03,0.01,0,0,0.86,0.03,700.610666666666,5.59511066666667,300.203047348512
3.73,0.47,2.46,0.03,0.01,0,0,0,0.04,610.888966666667,10.6346046666667,294.165854849969
3.53,0.25,2.53,0.04,0.02,0,0,0,0.03,614.556866666666,9.92358633333333,308.059345349385
3.6,0.2,2.4,0.08,0.01,0.001,1.5,0.8,0.06,693.998433333333,6.71247066666664,258.623948443119
3.6,0.2,2.4,0.08,0.01,0.001,1.5,0.8,0.06,719.365366666667,6.11953933333332,369.575965630391
3.6,0.2,2.4,0.08,0.01,0.001,1.5,0.8,0.06,719.510966666667,6.10470433333331,450.352910069118
3.91,0.35,2.17,0.06,0.02,0.001,0,0.58,0.035,669.044333333333,7.31239299999999,434.076103825653
3.91,0.35,2.17,0.06,0.02,0.001,0,0.58,0.035,669.044333333333,7.31239299999999,434.076103825653
3.91,0.35,2.17,0.06,0.02,0.001,0,0.58,0.035,669.044333333333,7.31239299999999,434.076103825653
3.91,0.35,2.17,0.06,0.02,0.001,0,0.58,0.035,668.035466666667,7.72223566666665,314.592229652239
3.91,0.35,2.17,0.06,0.02,0.001,0,0.58,0.035,668.035466666667,7.72223566666665,314.592229652239
3.91,0.35,2.17,0.06,0.02,0.001,0,0.58,0.035,668.035466666667,7.72223566666665,314.592229652239
3.91,0.35,2.17,0.06,0.02,0.001,0,0.58,0.035,668.870333333333,7.31077299999999,423.148333772565
3.91,0.35,2.17,0.06,0.02,0.001,0,0.58,0.035,668.870333333333,7.31077299999999,423.148333772565
3.91,0.35,2.17,0.06,0.02,0.001,0,0.58,0.035,668.870333333333,7.31077299999999,423.148333772565
3.91,0.35,2.17,0.06,0.02,0.001,0,0.58,0.035,669.205133333333,7.34945299999999,360.414097630165
3.91,0.35,2.17,0.06,0.02,0.001,0,0.58,0.035,669.205133333333,7.34945299999999,360.414097630165
3.91,0.35,2.17,0.06,0.02,0.001,0,0.58,0.035,669.205133333333,7.34945299999999,360.414097630165
3.91,0.35,2.17,0.06,0.02,0.001,0,0.58,0.035,665.727866666667,7.93040566666665,308.863907822553
3.91,0.35,2.17,0.06,0.02,0.001,0,0.58,0.035,665.727866666667,7.93040566666665,308.863907822553
3.91,0.35,2.17,0.06,0.02,0.001,0,0.58,0.035,665.727866666667,7.93040566666665,308.863907822553
3.91,0.35,2.17,0.06,0.02,0.001,0,0.58,0.035,668.870333333333,7.31077299999999,421.951348620982
3.91,0.35,2.17,0.06,0.02,0.001,0,0.58,0.035,668.870333333333,7.31077299999999,421.951348620982
3.91,0.35,2.17,0.06,0.02,0.001,0,0.58,0.035,668.870333333333,7.31077299999999,421.951348620982
3.91,0.35,2.17,0.06,0.02,0.001,0,0.58,0.035,668.903133333333,7.33857299999999,362.425972167505
3.91,0.35,2.17,0.06,0.02,0.001,0,0.58,0.035,668.903133333333,7.33857299999999,362.425972167505
3.91,0.35,2.17,0.06,0.02,0.001,0,0.58,0.035,668.903133333333,7.33857299999999,362.425972167505
3.91,0,2.17,0.06,0.02,0.001,0,0.58,0.035,645.815733333333,8.813106,311.706984624192
3.91,0,2.17,0.06,0.02,0.001,0,0.58,0.035,649.233733333333,8.46294866666666,425.552630988319
3.91,0,2.17,0.06,0.02,0.001,0,0.58,0.035,649.121866666667,8.49503533333333,361.418313746737
3.91,0.35,2.17,0.06,0.02,0.001,0,0.58,0.035,668.870333333333,7.31077299999999,388.188893249755
3.91,0.35,2.17,0.06,0.02,0.001,0,0.58,0.035,669.044333333333,7.31315299999999,425.552630988319
3.56,0.23,2.35,0.025,0.007,0.001,0.48,0.51,0.047,836,7.9,324.804632610114
3.6,0.23,2.4,0.022,0.007,0.001,0,0.62,0.045,778,8,319.636469655637
3.6,0.24,2.26,0.025,0.004,0.001,0.46,0.48,0.043,890,6.55,352.504291648666
3.57,0.2,2.51,0.031,0.012,0.001,0,0.64,0.042,733,7.3,313.763571049694
3.51,0.23,2.3,0.02,0.008,0.001,0,0.62,0.04,750,6.48,323.068142408502
3.55,0.34,2.68,0.038,0.02,0.001,0,0.62,0.033,697,10,309.671912599919
3.52,0.33,2.62,0,0,0.001,1.72,1.05,0.052,780.1121,5.11597833333333,369.575965630391
3.52,0.33,2.62,0,0,0.001,1.72,1.05,0.052,779.8206,5.09193166666666,413.668837077411
3.52,0.33,2.62,0,0,0.001,1.72,1.05,0.052,779.9401,5.095045,390.933940514579
3.52,0.33,2.62,0,0,0.001,1.72,1.05,0.052,779.0326,5.11597833333333,359.413323817789
3.52,0.33,2.62,0,0,0.001,1.72,1.05,0.052,780.1121,5.11597833333333,369.575965630391
3.52,0.33,2.62,0,0,0.001,1.72,1.05,0.052,780.1121,5.11597833333333,369.575965630391
3.52,0.33,2.62,0,0,0.001,1.72,1.05,0.052,780.1121,5.11597833333333,369.575965630391
3.52,0.33,2.62,0,0,0.001,1.72,1.05,0.052,779.9441,5.095045,402.129273586165
3.52,0.33,2.62,0,0,0.001,1.72,1.05,0.052,779.9401,5.095045,390.933940514579
3.52,0.33,2.62,0,0,0.001,1.72,1.05,0.052,780.0417,5.08764499999999,380.082837862655
3.52,0.33,2.62,0,0,0.001,1.72,1.05,0.052,779.9441,5.095045,402.129273586165
3.52,0.33,2.62,0,0,0.001,1.72,1.05,0.052,779.9441,5.095045,402.129273586165
3.52,0.33,2.62,0,0,0.001,1.72,1.05,0.052,779.3922,5.09193166666666,425.552630988319
3.52,0.33,2.62,0,0,0.001,1.72,1.05,0.052,779.3922,5.09193166666666,425.552630988319
3.52,0.33,2.62,0,0,0.001,1.72,1.05,0.052,779.3922,5.09193166666666,425.552630988319
3.52,0.33,2.62,0,0,0.001,1.72,1.05,0.052,779.8206,5.09193166666666,413.668837077411
3.52,0.33,2.62,0,0,0.001,1.72,1.05,0.052,779.9441,5.095045,402.129273586165
3.52,0.33,2.62,0,0,0.001,1.72,1.05,0.052,779.9441,5.095045,402.129273586165
3.52,0.33,2.62,0,0,0.001,1.72,1.05,0.052,758.1587,5.599868,270.343471576796
3.52,0.33,2.62,0,0,0.001,1.72,1.05,0.052,758.1587,5.599868,270.343471576796
3.52,0.33,2.62,0,0,0.001,1.72,1.05,0.052,758.1587,5.599868,270.343471576796
3.52,0.33,2.62,0,0,0.001,1.72,1.05,0.052,779.8206,5.09193166666666,413.668837077411
3.52,0.33,2.62,0,0,0.001,1.72,1.05,0.052,779.9401,5.095045,390.933940514579
3.52,0.33,2.62,0,0,0.001,1.72,1.05,0.052,780.0417,5.08764499999999,380.082837862655
3.52,0.33,2.62,0,0,0.001,1.72,1.05,0.052,779.8206,5.09193166666666,413.668837077411
3.52,0.33,2.62,0,0,0.001,1.72,1.05,0.052,779.0326,5.11597833333333,359.413323817789
3.52,0.33,2.62,0,0,0.001,1.72,1.05,0.052,779.9441,5.095045,402.129273586165
3.52,0.33,2.62,0,0,0.001,1.72,1.05,0.052,779.8206,5.09193166666666,413.668837077411
3.52,0.33,2.62,0,0,0.001,1.72,1.05,0.052,780.1121,5.11597833333333,369.575965630391
3.52,0.33,2.62,0,0,0.001,1.72,1.05,0.052,779.9441,5.095045,402.129273586165
3.52,0.33,2.62,0,0,0.001,1.72,1.05,0.052,779.2034,5.09813166666666,490.135056837774
3.52,0.33,2.62,0,0,0.001,1.72,1.05,0.052,779.2034,5.09813166666666,504.084233266649
3.52,0.33,2.62,0,0,0.001,1.72,1.05,0.052,779.2034,5.09813166666666,533.015277383381
3.52,0.33,2.62,0,0,0.001,1.72,1.05,0.052,780.1121,5.11597833333333,369.575965630391
3.52,0.33,2.62,0,0,0.001,1.72,1.05,0.052,780.0417,5.08764499999999,380.082837862655
3.52,0.33,2.62,0,0,0.001,1.72,1.05,0.052,779.0326,5.11597833333333,359.413323817789
3.52,0.33,2.62,0,0,0.001,1.72,1.05,0.052,780.1121,5.11597833333333,369.575965630391
3.52,0.33,2.62,0,0,0.001,1.72,1.05,0.052,780.0417,5.08764499999999,380.082837862655
3.52,0.33,2.62,0,0,0.001,1.72,1.05,0.052,780.0417,5.08764499999999,380.082837862655
3.52,0.33,2.62,0,0,0.001,1.72,1.05,0.052,779.2034,5.09813166666666,490.135056837774
3.52,0.33,2.62,0,0,0.001,1.72,1.05,0.052,779.2034,5.09813166666666,504.084233266649
3.52,0.33,2.62,0,0,0.001,1.72,1.05,0.052,779.2034,5.09813166666666,476.530110828561
3.52,0.33,2.62,0,0,0.001,1.72,1.05,0.052,779.9401,5.095045,390.933940514579
3.52,0.33,2.62,0,0,0.001,1.72,1.05,0.052,779.9441,5.095045,402.129273586165
3.52,0.33,2.62,0,0,0.001,1.72,1.05,0.052,779.9441,5.095045,402.129273586165
3.52,0.33,2.62,0,0,0.001,1.72,1.05,0.052,779.3922,5.09193166666666,437.780655318888
3.52,0.33,2.62,0,0,0.001,1.72,1.05,0.052,779.9401,5.095045,390.933940514579
3.52,0.33,2.62,0,0,0.001,1.72,1.05,0.052,779.8206,5.09193166666666,413.668837077411
3.52,0.33,2.62,0,0,0.001,1.72,1.05,0.052,779.8206,5.09193166666666,413.668837077411
3.52,0.33,2.62,0,0,0.001,1.72,1.05,0.052,779.8206,5.09193166666666,413.668837077411
3.52,0.33,2.62,0,0,0.001,1.72,1.05,0.052,779.8206,5.09193166666666,413.668837077411
3.8,0.55,2.7,0.052,0.006,0.001,0.001,0.8,0.07,667.7361,6.52958266666665,305.666311755058
3.8,0.55,2.7,0.052,0.006,0.001,0.001,0.8,0.07,673.459933333333,6.23378866666665,340.120731451568
3.8,0.55,2.7,0.052,0.006,0.001,0.001,0.8,0.07,667.4041,6.57955866666665,290.50448442477
3.8,0.55,2.7,0.052,0.006,0.001,0.001,0.8,0.07,673.459933333333,6.23378866666665,340.120731451568
3.8,0.55,2.7,0.052,0.006,0.001,0.001,0.8,0.07,667.633433333333,6.85532033333331,276.719578773126
3.8,0.55,2.7,0.052,0.006,0.001,0.001,0.8,0.07,673.097933333333,6.25062066666665,330.990780897949
3.8,0.55,2.7,0.052,0.006,0.001,0.001,0.8,0.07,673.097933333333,6.25062066666665,330.990780897949
3.8,0.55,2.7,0.052,0.006,0.001,0.001,0.8,0.07,667.7361,6.52958266666665,305.666311755058
3.8,0.55,2.7,0.052,0.006,0.001,0.001,0.8,0.07,673.459933333333,6.23378866666665,340.120731451568
3.8,0.55,2.7,0.052,0.006,0.001,0.001,0.8,0.07,672.6251,6.15876866666665,463.269395239009
3.8,0.55,2.7,0.052,0.006,0.001,0.001,0.8,0.07,673.0551,6.15876866666665,390.933940514579
3.8,0.55,2.7,0.052,0.006,0.001,0.001,0.8,0.07,672.6251,6.15876866666665,476.530110828561
3.65,0.4,2.28,0.028,0.006,0.001,0.001,0.001,0.035,640.8351,9.416098,283.439916389118
3.65,0.4,2.28,0.028,0.006,0.001,0.001,0.001,0.035,639.160933333333,9.17931733333333,380.082837862655
3.65,0.4,2.28,0.028,0.006,0.001,0.001,0.001,0.035,640.3791,9.38605,290.50448442477
3.65,0.4,2.28,0.028,0.006,0.001,0.001,0.001,0.035,639.268933333333,9.17931733333333,369.575965630391
3.65,0.4,2.28,0.028,0.006,0.001,0.001,0.001,0.035,640.3791,9.38605,290.50448442477
3.65,0.4,2.28,0.028,0.006,0.001,0.001,0.001,0.035,639.268933333333,9.17931733333333,369.575965630391
3.65,0.4,2.28,0.028,0.006,0.001,0.001,0.001,0.035,639.883566666667,9.427098,270.343471576796
3.65,0.4,2.28,0.028,0.006,0.001,0.001,0.001,0.035,639.268933333333,9.17931733333333,369.575965630391
3.65,0.4,2.28,0.028,0.006,0.001,0.001,0.001,0.035,639.883566666667,9.427098,270.343471576796
3.65,0.4,2.28,0.028,0.006,0.001,0.001,0.001,0.035,639.808933333333,9.18591733333333,359.413323817789
3.65,0.4,2.28,0.028,0.006,0.001,0.001,0.001,0.035,632.191133333333,9.54313266666667,264.311594800127
3.65,0.4,2.28,0.028,0.006,0.001,0.001,0.001,0.035,638.9716,9.17931733333333,390.933940514579
3.65,0.4,2.28,0.028,0.006,0.001,0.001,0.001,0.035,640.8351,9.416098,283.439916389118
3.65,0.4,2.28,0.028,0.006,0.001,0.001,0.001,0.035,638.9716,9.17931733333333,437.780655318888
3.55,0.17,2.43,0.043,0.01,0.001,1.48,0.85,0.07,713.152266666667,5.37199133333331,294.165854849969
3.68,0.07,2.66,0.035,0.01,0.001,1.67,0.78,0.068,749.841666666667,5.33811233333332,396.488578247914
3.54,0.26,2.65,0.06,0.019,0.001,1.52,0.81,0.051,680.418566666667,5.69009566666665,289.78253725232
3.54,0.26,2.65,0.06,0.019,0.001,1.52,0.81,0.051,680.196366666667,5.62930233333331,309.671912599919
3.54,0.26,2.65,0.06,0.019,0.001,1.52,0.81,0.051,700.845466666667,5.42613099999998,357.422103105628
3.54,0.26,2.65,0.06,0.019,0.001,1.52,0.81,0.051,700.845466666667,5.41402099999998,364.451615921633
3.54,0.26,2.65,0.06,0.019,0.001,1.52,0.81,0.051,701.124966666667,5.38711099999998,374.786372944065
3.54,0.26,2.65,0.06,0.019,0.001,1.52,0.81,0.051,701.275766666667,5.39469099999998,426.759943052491
3.58,0.12,2.27,0.038,0.008,0.001,0.46,0.5,0.037,741,4.26,300.203047348512
3.58,0.12,2.27,0.038,0.008,0.001,0.46,0.5,0.037,741,4.26,307.258225180413
3.58,0.12,2.27,0.038,0.008,0.001,0.46,0.5,0.037,741,4.26,305.666311755058
3.58,0.12,2.27,0.038,0.008,0.001,0.46,0.5,0.037,741,4.26,314.592229652239
3.58,0.12,2.27,0.038,0.008,0.001,0.46,0.5,0.037,741,4.26,319.636469655637
3.58,0.12,2.27,0.038,0.008,0.001,0.46,0.5,0.037,741,4.26,300.973186779714
3.58,0.12,2.27,0.038,0.008,0.001,0.46,0.5,0.037,741,4.26,366.491028892546
3.58,0.12,2.27,0.038,0.008,0.001,0.46,0.5,0.037,741,4.26,359.413323817789
3.58,0.12,2.27,0.038,0.008,0.001,0.46,0.5,0.037,741,4.26,367.515898834298
3.58,0.12,2.27,0.038,0.008,0.001,0.46,0.5,0.037,741,4.26,436.542362516946
3.58,0.12,2.27,0.038,0.008,0.001,0.46,0.5,0.037,741,4.26,435.307512019201
3.58,0.12,2.27,0.038,0.008,0.001,0.46,0.5,0.037,741,4.26,429.184894093425
3.58,0.12,2.27,0.038,0.008,0.001,0.46,0.5,0.037,741,4.26,480.575450437261
3.58,0.12,2.27,0.038,0.008,0.001,0.46,0.5,0.037,741,4.26,477.875115060598
3.58,0.12,2.27,0.038,0.008,0.001,0.46,0.5,0.037,741,4.26,495.673419758965
3.64,0.16,2.48,0.025,0.009,0.001,0.43,0.45,0.045,815,4.27,421.951348620982
3.64,0.16,2.48,0.025,0.009,0.001,0.43,0.45,0.045,815,4.27,423.148333772565
3.64,0.16,2.48,0.025,0.009,0.001,0.43,0.45,0.045,815,4.27,430.402533070187
3.64,0.16,2.48,0.025,0.009,0.001,0.43,0.45,0.045,815,4.27,326.554892028512
3.64,0.16,2.48,0.025,0.009,0.001,0.43,0.45,0.045,815,4.27,329.206098437584
3.64,0.16,2.48,0.025,0.009,0.001,0.43,0.45,0.045,815,4.27,331.888285584426
3.56,0.15,2.63,0.025,0.01,0.001,0.45,0.44,0.047,735,4.49,429.184894093425
3.56,0.15,2.63,0.025,0.01,0.001,0.45,0.44,0.047,735,4.49,440.267567835361
3.56,0.15,2.63,0.025,0.01,0.001,0.45,0.44,0.047,735,4.49,425.552630988319
3.56,0.15,2.63,0.025,0.01,0.001,0.45,0.44,0.047,735,4.49,327.435185194006
3.56,0.15,2.63,0.025,0.01,0.001,0.45,0.44,0.047,735,4.49,332.7892325751
3.56,0.15,2.63,0.025,0.01,0.001,0.45,0.44,0.047,735,4.49,331.888285584426
3.58,0.34,2.57,0.048,0.007,0.001,0.45,0.46,0.043,785,2.81,317.098859285053
3.58,0.34,2.57,0.048,0.007,0.001,0.45,0.46,0.043,785,2.81,316.259873769919
3.58,0.34,2.57,0.048,0.007,0.001,0.45,0.46,0.043,785,2.81,304.875518498676
3.58,0.34,2.57,0.048,0.007,0.001,0.45,0.46,0.043,785,2.81,423.148333772565
3.58,0.34,2.57,0.048,0.007,0.001,0.45,0.46,0.043,785,2.81,416.01805742602
3.58,0.34,2.57,0.048,0.007,0.001,0.45,0.46,0.043,785,2.81,418.381046991415
3.58,0.12,2.27,0.038,0.008,0.001,0.46,0.5,0.037,741,4.26,429.184894093425
3.58,0.12,2.27,0.038,0.008,0.001,0.46,0.5,0.037,741,4.26,319.636469655637
3.62,0.16,2.48,0.025,0.009,0.001,0.43,0.45,0.045,815,4.27,430.402533070187
3.62,0.16,2.48,0.025,0.009,0.001,0.43,0.45,0.045,815,4.27,331.888285584426
3.56,0.15,2.63,0.025,0.01,0.001,0.45,0.44,0.047,735,4.49,425.552630988319
3.56,0.15,2.63,0.025,0.01,0.001,0.45,0.44,0.047,735,4.49,331.888285584426
3.58,0.34,2.57,0.048,0.007,0.001,0.45,0.46,0.043,785,2.81,418.381046991415
3.58,0.34,2.57,0.048,0.007,0.001,0.45,0.46,0.043,785,2.81,316.259873769919
3.4,0.19,2.69,0.02,0.01,0.04,0.73,0.87,0.044,780,7.1,611.366920019279
3.4,0.19,2.69,0.02,0.01,0.04,0.73,0.87,0.044,780,7.1,476.530110828561
3.4,0.19,2.69,0.02,0.01,0.04,0.73,0.87,0.044,780,7.1,390.933940514579
3.4,0.19,2.69,0.02,0.01,0.04,0.73,0.87,0.044,780,7.1,340.120731451568
3.45,0.061,2.82,0.032,0.019,0.001,0.001,0.001,0.041,598.008422222222,10.9460053333334,258.623948443119
3.45,0.061,2.82,0.032,0.019,0.001,0.001,0.001,0.041,598.719222222222,10.9255053333334,264.311594800127
3.45,0.061,2.82,0.032,0.019,0.001,0.001,0.001,0.041,599.541622222222,10.9051986666667,276.719578773126
3.45,0.061,2.82,0.032,0.019,0.001,0.001,0.001,0.041,599.541622222222,10.861092,290.50448442477
3.58,0.2,2.52,0.031,0.0125,0.001,0.001,0.64,0.0415,722.756366666667,6.284885,425.552630988319
3.58,0.2,2.52,0.031,0.0125,0.001,0.001,0.64,0.0415,725.642866666667,6.42486,349.594912424848
3.43,0.29,2.9,0.01,0.01,0.001,1.2,1.2,0.03,732.989633333333,5.29091466666666,297.913282880084
3.5,0.61,2.87,0.025,0.009,0.001,0.5,0.7,0.03,752.589895238095,5.01234666666666,321.173906632117
3.7,0.066,2.82,0.025,0.004,0.001,0.7,0.7,0.03,757.4446,5.56805966666666,311.053420809571
3.6,0.114,2.75,0.029,0.007,0.001,1,0.65,0.03,753.9528,5.52914833333334,318.787157227913
3.52,0.073,2.8,0.023,0.003,0.001,1.03,0.7,0.03,751.741966666667,5.67121299999999,314.924656938432
3.5,0.164,2.6,0.026,0.007,0.001,1.12,0.6,0.03,747.750433333333,5.47212733333333,296.704742843032
3.5,0.61,2.87,0.025,0.009,0.001,0.5,0.7,0.03,743.386628571428,5.08867633333332,308.622177638662
3.7,0.066,2.82,0.025,0.004,0.001,0.7,0.7,0.03,757.5446,5.56805966666666,310.077205852675
3.6,0.114,2.75,0.029,0.007,0.001,1,0.65,0.03,749.4935,5.50923833333334,314.592229652239
3.52,0.073,2.8,0.023,0.003,0.001,1.03,0.7,0.03,746.719733333333,5.68262766666666,307.498199789163
3.5,0.164,2.6,0.026,0.007,0.001,1.12,0.6,0.03,747.750433333333,5.48004733333333,293.648082322625
3.5,0.61,2.87,0.025,0.009,0.001,0.5,0.7,0.03,752.431895238095,5.00066666666666,319.551383509176
3.7,0.066,2.82,0.025,0.004,0.001,0.7,0.7,0.03,756.729933333333,5.56805966666666,309.186696656996
3.6,0.114,2.75,0.029,0.007,0.001,1,0.65,0.03,743.068133333333,5.49957833333334,313.763571049694
3.52,0.073,2.8,0.023,0.003,0.001,1.03,0.7,0.03,746.715733333333,5.67454766666666,304.324011390206
3.5,0.164,2.6,0.026,0.007,0.001,1.12,0.6,0.03,747.750433333333,5.49478066666666,292.837847660811
3.5,0.61,2.87,0.025,0.009,0.001,0.5,0.7,0.03,753.424128571428,4.99226199999999,325.066293735303
3.7,0.066,2.82,0.025,0.004,0.001,0.7,0.7,0.03,757.5446,5.56805966666666,310.564693716367
3.6,0.114,2.75,0.029,0.007,0.001,1,0.65,0.03,754.1108,5.52914833333334,321.345421423676
3.52,0.073,2.8,0.023,0.003,0.001,1.03,0.7,0.03,746.715733333333,5.67454766666666,304.481412734559
3.5,0.164,2.6,0.026,0.007,0.001,1.12,0.6,0.03,748.766033333333,5.46587733333333,297.837490954953
3.45,0.4,2.48,0.001,0.001,0.001,1.5,0.001,0.064,695.375933333333,8.38633399999997,364.451615921633
3.45,0.4,2.48,0.001,0.001,0.001,1.5,0.001,0.064,695.730966666667,8.42172599999997,325.678041167215
3.45,0.4,2.48,0.001,0.001,0.001,1.5,0.001,0.064,684.4091,8.45256599999997,277.376122165841
3.45,0.4,2.48,0.001,0.001,0.001,1.5,0.001,0.064,677.650433333333,8.52502599999997,261.424742819165
3.45,0.4,2.48,0.001,0.001,0.001,1.5,0.001,0.064,670.4898,8.60968599999998,242.736708520816
3.53,0.11,2.88,0.039,0.011,0.001,0,0,0.046,596.691188888889,11.0648933333334,555.61716532254
3.53,0.11,2.88,0.039,0.011,0.001,0,0,0.046,596.323755555555,11.2597226666667,297.913282880084
3.53,0.11,2.88,0.039,0.011,0.001,0,0,0.046,594.838155555555,11.3264193333334,280.036718778664
3.57,0.2,2.51,0.031,0.012,0.001,0.001,0.64,0.041,722.329866666667,6.43733466666666,349.594912424848
3.57,0.2,2.51,0.031,0.012,0.001,0.001,0.64,0.041,719.759366666667,6.29349966666666,425.552630988319
3,0.25,2.3,0.04,0.01,0,1.95,1,0.07,719.027466666667,5.73534699999999,490.135056837774
3.45,0.16,2,0.04,0.01,0,2.1,1.05,0.05,739.621061904762,5.49346333333332,340.120731451568
3.55,0.23,2.2,0.05,0.015,0,1.95,0.98,0.045,745.997466666667,5.36391099999999,369.575965630391
3.25,0.26,2.25,0.05,0.01,0,2,0.96,0.045,720.7989,5.16042366666665,369.575965630391
3.6,0.3,2.35,0.05,0.02,0,1.5,0,0.06,672.649933333333,8.45242433333331,349.594912424848
3.45,0.27,3.22,0.03,0.014,0,0,0.07,0.045,638.593133333333,8.655052,313.763571049694
3.45,0.27,3.22,0.03,0.014,0,0,0.07,0.045,638.593133333333,8.655052,313.763571049694
3.45,0.27,3.22,0.03,0.014,0,0,0.07,0.045,638.593133333333,8.655052,313.763571049694
3.45,0.27,3.22,0.03,0.014,0,0,0.07,0.045,638.593133333333,8.655052,313.763571049694
3.45,0.27,3.22,0.03,0.014,0,0,0.07,0.045,638.593133333333,8.655052,313.763571049694
3.45,0.27,3.22,0.03,0.014,0,0,0.07,0.045,638.593133333333,8.655052,313.763571049694
3.45,0.27,3.22,0.03,0.014,0,0,0.07,0.045,638.593133333333,8.655052,313.763571049694
3.45,0.27,3.22,0.03,0.014,0,0,0.07,0.045,638.593133333333,8.655052,313.763571049694
3.45,0.27,3.22,0.03,0.014,0,0,0.07,0.045,638.593133333333,8.655052,313.763571049694
3.45,0.27,3.22,0.03,0.014,0,0,0.07,0.045,638.593133333333,8.655052,313.763571049694
3.45,0.27,3.22,0.03,0.014,0,0,0.07,0.045,638.593133333333,8.655052,313.763571049694
3.45,0.27,3.22,0.03,0.014,0,0,0.07,0.045,638.593133333333,8.655052,313.763571049694
3.45,0.27,3.22,0.03,0.014,0,0,0.07,0.045,638.593133333333,8.655052,313.763571049694
3.45,0.27,3.22,0.03,0.014,0,0,0.07,0.045,638.593133333333,8.655052,313.763571049694
3.45,0.27,3.22,0.03,0.014,0,0,0.07,0.045,638.593133333333,8.655052,313.763571049694
3.45,0.27,3.22,0.03,0.014,0,0,0.07,0.045,638.593133333333,8.655052,313.763571049694
3.45,0.27,3.22,0.03,0.014,0,0,0.07,0.045,638.593133333333,8.655052,313.763571049694
3.45,0.27,3.22,0.03,0.014,0,0,0.07,0.045,638.593133333333,8.655052,313.763571049694
3.45,0.27,3.22,0.03,0.014,0,0,0.07,0.045,638.593133333333,8.655052,313.763571049694
3.45,0.27,3.22,0.03,0.014,0,0,0.07,0.045,638.593133333333,8.655052,313.763571049694
3.45,0.27,3.22,0.03,0.014,0,0,0.07,0.045,638.593133333333,8.655052,313.763571049694
3.45,0.27,3.22,0.03,0.014,0,0,0.07,0.045,638.593133333333,8.655052,313.763571049694
3.45,0.27,3.22,0.03,0.014,0,0,0.07,0.045,638.593133333333,8.655052,313.763571049694
3.45,0.27,3.22,0.03,0.014,0,0,0.07,0.045,638.593133333333,8.655052,313.763571049694
3.45,0.27,3.22,0.03,0.014,0,0,0.07,0.045,638.593133333333,8.655052,313.763571049694
3.45,0.27,3.22,0.03,0.014,0,0,0.07,0.045,638.593133333333,8.655052,313.763571049694
3.45,0.27,3.22,0.03,0.014,0,0,0.07,0.045,638.593133333333,8.655052,313.763571049694
3.45,0.27,3.22,0.03,0.014,0,0,0.07,0.045,638.593133333333,8.655052,313.763571049694
3.45,0.27,3.22,0.03,0.014,0,0,0.07,0.045,638.593133333333,8.655052,313.763571049694
3.45,0.27,3.22,0.03,0.014,0,0,0.07,0.045,638.593133333333,8.655052,313.763571049694
3.45,0.27,3.22,0.03,0.014,0,0,0.07,0.045,638.593133333333,8.655052,313.763571049694
3.45,0.27,3.22,0.03,0.014,0,0,0.07,0.045,638.593133333333,8.655052,313.763571049694
3.45,0.27,3.22,0.03,0.014,0,0,0.07,0.045,638.593133333333,8.655052,313.763571049694
3.45,0.27,3.22,0.03,0.014,0,0,0.07,0.045,638.593133333333,8.655052,313.763571049694
3.45,0.27,3.22,0.03,0.014,0,0,0.07,0.045,638.593133333333,8.655052,313.763571049694
3.45,0.27,3.22,0.03,0.014,0,0,0.07,0.045,638.593133333333,8.655052,313.763571049694
3.45,0.27,3.22,0.03,0.014,0,0,0.07,0.045,638.593133333333,8.655052,313.763571049694
3.45,0.27,3.22,0.03,0.014,0,0,0.07,0.045,639.5,8.49088133333333,330.990780897949
3.45,0.27,3.22,0.03,0.014,0,0,0.07,0.045,639.5,8.49088133333333,330.990780897949
3.45,0.27,3.22,0.03,0.014,0,0,0.07,0.045,639.5,8.49088133333333,330.990780897949
3.45,0.27,3.22,0.03,0.014,0,0,0.07,0.045,639.5,8.49088133333333,330.990780897949
3.45,0.27,3.22,0.03,0.014,0,0,0.07,0.045,639.5,8.49088133333333,330.990780897949
3.45,0.27,3.22,0.03,0.014,0,0,0.07,0.045,639.5,8.49088133333333,330.990780897949
3.45,0.27,3.22,0.03,0.014,0,0,0.07,0.045,639.5,8.49088133333333,330.990780897949
3.45,0.27,3.22,0.03,0.014,0,0,0.07,0.045,639.5,8.49088133333333,330.990780897949
3.45,0.27,3.22,0.03,0.014,0,0,0.07,0.045,639.5,8.49088133333333,330.990780897949
3.45,0.27,3.22,0.03,0.014,0,0,0.07,0.045,639.5,8.49088133333333,330.990780897949
3.45,0.27,3.22,0.03,0.014,0,0,0.07,0.045,639.5,8.49088133333333,330.990780897949
3.45,0.27,3.22,0.03,0.014,0,0,0.07,0.045,639.5,8.49088133333333,330.990780897949
3.45,0.27,3.22,0.03,0.014,0,0,0.07,0.045,639.5,8.49088133333333,330.990780897949
3.45,0.27,3.22,0.03,0.014,0,0,0.07,0.045,639.5,8.49088133333333,330.990780897949
3.45,0.27,3.22,0.03,0.014,0,0,0.07,0.045,639.5,8.49088133333333,330.990780897949
3.45,0.27,3.22,0.03,0.014,0,0,0.07,0.045,639.5,8.49088133333333,330.990780897949
3.45,0.27,3.22,0.03,0.014,0,0,0.07,0.045,639.5,8.49088133333333,330.990780897949
3.45,0.27,3.22,0.03,0.014,0,0,0.07,0.045,639.5,8.49088133333333,330.990780897949
3.45,0.27,3.22,0.03,0.014,0,0,0.07,0.045,639.5,8.49088133333333,330.990780897949
3.45,0.27,3.22,0.03,0.014,0,0,0.07,0.045,639.5,8.49088133333333,330.990780897949
3.45,0.27,3.22,0.03,0.014,0,0,0.07,0.045,639.5,8.49088133333333,330.990780897949
3.45,0.27,3.22,0.03,0.014,0,0,0.07,0.045,639.5,8.49088133333333,330.990780897949
3.45,0.27,3.22,0.03,0.014,0,0,0.07,0.045,639.5,8.49088133333333,330.990780897949
3.45,0.27,3.22,0.03,0.014,0,0,0.07,0.045,639.5,8.49088133333333,330.990780897949
3.45,0.27,3.22,0.03,0.014,0,0,0.07,0.045,639.5,8.49088133333333,330.990780897949
3.45,0.27,3.22,0.03,0.014,0,0,0.07,0.045,639.5,8.49088133333333,330.990780897949
3.45,0.27,3.22,0.03,0.014,0,0,0.07,0.045,639.5,8.49088133333333,330.990780897949
3.45,0.27,3.22,0.03,0.014,0,0,0.07,0.045,639.5,8.49088133333333,330.990780897949
3.45,0.27,3.22,0.03,0.014,0,0,0.07,0.045,639.5,8.49088133333333,330.990780897949
3.45,0.27,3.22,0.03,0.014,0,0,0.07,0.045,639.5,8.49088133333333,330.990780897949
3.45,0.27,3.22,0.03,0.014,0,0,0.07,0.045,639.5,8.49088133333333,330.990780897949
3.45,0.27,3.22,0.03,0.014,0,0,0.07,0.045,637.539133333333,8.382684,425.552630988319
3.45,0.27,3.22,0.03,0.014,0,0,0.07,0.045,637.539133333333,8.382684,425.552630988319
3.45,0.27,3.22,0.03,0.014,0,0,0.07,0.045,637.539133333333,8.382684,425.552630988319
3.45,0.27,3.22,0.03,0.014,0,0,0.07,0.045,637.539133333333,8.382684,425.552630988319
3.45,0.27,3.22,0.03,0.014,0,0,0.07,0.045,637.539133333333,8.382684,425.552630988319
3.45,0.27,3.22,0.03,0.014,0,0,0.07,0.045,637.539133333333,8.382684,425.552630988319
3.45,0.27,3.22,0.03,0.014,0,0,0.07,0.045,637.539133333333,8.382684,425.552630988319
3.45,0.27,3.22,0.03,0.014,0,0,0.07,0.045,637.539133333333,8.382684,425.552630988319
3.45,0.27,3.22,0.03,0.014,0,0,0.07,0.045,637.539133333333,8.382684,425.552630988319
3.45,0.27,3.22,0.03,0.014,0,0,0.07,0.045,637.539133333333,8.382684,425.552630988319
3.45,0.27,3.22,0.03,0.014,0,0,0.07,0.045,637.539133333333,8.382684,425.552630988319
3.45,0.27,3.22,0.03,0.014,0,0,0.07,0.045,637.626133333333,8.382684,390.933940514579
3.45,0.27,3.22,0.03,0.014,0,0,0.07,0.045,637.626133333333,8.382684,390.933940514579
3.45,0.27,3.22,0.03,0.014,0,0,0.07,0.045,637.626133333333,8.382684,390.933940514579
3.45,0.27,3.22,0.03,0.014,0,0,0.07,0.045,637.626133333333,8.382684,390.933940514579
3.45,0.27,3.22,0.03,0.014,0,0,0.07,0.045,637.626133333333,8.382684,390.933940514579
3.45,0.27,3.22,0.03,0.014,0,0,0.07,0.045,637.626133333333,8.382684,390.933940514579
3.45,0.27,3.22,0.03,0.014,0,0,0.07,0.045,637.626133333333,8.382684,390.933940514579
3.45,0.27,3.22,0.03,0.014,0,0,0.07,0.045,637.626133333333,8.382684,390.933940514579
3.45,0.27,3.22,0.03,0.014,0,0,0.07,0.045,637.626133333333,8.382684,390.933940514579
3.45,0.27,3.22,0.03,0.014,0,0,0.07,0.045,637.626133333333,8.382684,390.933940514579
3.45,0.27,3.22,0.03,0.014,0,0,0.07,0.045,637.626133333333,8.382684,390.933940514579
3.5,0.25,2.5,0,0,0,0.9,1.5,0.07,772.8252,5.87597033333334,309.671912599919
3.5,0.25,2.5,0,0,0,0.9,1.5,0.07,792.686533333334,5.862421,322.205060763991
3.5,0.25,2.5,0,0,0,0.9,1.5,0.07,772.093833333333,5.85589033333334,297.913282880084
3.5,0.25,2.5,0,0,0,0.9,1.5,0.07,795.071566666667,5.73887533333334,385.465360386159
3.5,0.25,2.5,0,0,0,0.9,1.5,0.07,795.279966666667,5.77546533333334,369.575965630391
3.5,0.25,2.5,0,0,0,0.9,1.5,0.07,792.422533333334,5.84701366666667,317.941287104385
3.5,0.25,2.5,0,0,0,0.9,1.5,0.07,795.209566666667,5.73887533333334,380.082837862655
3.5,0.25,2.5,0,0,0,0.9,1.5,0.07,795.209566666667,5.73887533333334,380.082837862655
3.5,0.25,2.5,0,0,0,0.9,0.8,0.07,793.465033333334,5.79743866666667,456.768123851606
3.5,0.25,2.5,0,0,0,0.9,0.8,0.07,794.410733333334,5.79193866666667,419.567705230408
3.5,0.25,2.5,0,0,0,0.9,0.8,0.07,794.635833333334,5.795052,380.082837862655
3.5,0.25,2.5,0,0,0,0.9,0.8,0.07,793.916266666667,5.87874866666667,335.512727372301
3.5,0.25,2.5,0,0,0,0.9,0.8,0.07,793.465033333334,5.79743866666667,456.768123851606
3.5,0.25,2.5,0,0,0,0.9,0.8,0.07,794.635833333334,5.795052,380.082837862655
3.5,0.25,2.5,0,0,0,0.9,0.8,0.07,794.534233333334,5.795052,402.129273586165
3.5,0.25,2.5,0,0,0,0.9,0.8,0.07,794.635833333334,5.795052,380.082837862655
3.45,0.4,2.48,0.013,0.012,0,1.5,0.3,0.05,725.358161904762,5.84203899999999,449.08019422521
3.45,0.4,2.48,0.013,0.012,0,1.5,0.3,0.05,725.667128571429,5.83445899999999,382.225519959467
3.45,0.4,2.48,0.013,0.012,0,1.5,0.3,0.05,713.119161904762,6.11919833333332,284.130882823798
3.52,0.51,2.39,0.012,0.012,0.038,0,0.89,0.03,718.446233333333,7.40875599999999,390.933940514579
3.72,0.198,1.95,0.0283,0.0093,0.001,0.015,0.58,0.0455751121076233,714.122285714286,6.69965033333333,409.011704030553
3.72,0.198,1.95,0.0283,0.0093,0.001,0.015,0.58,0.0455751121076233,713.974285714286,6.69965033333333,455.478196486715
3.72,0.198,1.95,0.0283,0.0093,0.001,0.015,0.58,0.0455751121076233,713.974285714286,6.69965033333333,439.644548842169
3.72,0.198,1.95,0.0283,0.0093,0.001,0.015,0.58,0.0455751121076233,714.122285714286,6.69965033333333,417.197831056619
3.72,0.198,1.95,0.0283,0.0093,0.001,0.015,0.58,0.0455751121076233,713.974285714286,6.69965033333333,505.498083582617
3.72,0.198,1.95,0.0283,0.0093,0.001,0.015,0.58,0.0455751121076233,714.186619047619,6.73744533333334,369.575965630391
